"id","name","swings_competitive","percent_swings_competitive","contact","avg_bat_speed","hard_swing_rate","squared_up_per_bat_contact","squared_up_per_swing","blast_per_bat_contact","blast_per_swing","swing_length","swords","batter_run_value","whiffs","whiff_per_swing","batted_ball_events","batted_ball_event_per_swing"
665833,"Cruz, Oneil",198,0.9041095890410958,134,"78.623446364",0.7525252525252527,0.3805970149253731,0.25757575757575757,0.291044776119403,0.19696969696969696,"7.703090808",4,0.055367623658793885,64,0.32323232323232326,73,0.3686868686868687
691406,"Caminero, Junior",229,0.9015748031496063,186,"78.483586943",0.7816593886462883,0.26344086021505375,0.21397379912663755,0.1935483870967742,0.1572052401746725,"8.216875764",5,0.427490234592772,43,0.18777292576419213,86,0.37554585152838427
691023,"Walker, Jordan",214,0.9145299145299145,142,"77.593790047",0.7476635514018691,0.2535211267605634,0.16822429906542055,0.14084507042253522,0.09345794392523364,"8.038920981",3,-7.852310177284773,72,0.3364485981308411,69,0.32242990654205606
666176,"Adell, Jo",168,0.8983957219251337,127,"77.127071429",0.6726190476190477,0.25196850393700787,0.19047619047619047,0.16535433070866143,0.125,"7.683673631",3,-6.9328870162040355,41,0.24404761904761904,60,0.35714285714285715
678877,"Noel, Jhonkensy",132,0.9041095890410958,92,"77.00973053",0.6590909090909091,0.22826086956521738,0.1590909090909091,0.15217391304347827,0.10606060606060606,"7.571825227",4,-9.066322018225135,40,0.30303030303030304,41,0.3106060606060606
660271,"Ohtani, Shohei",228,0.8976377952755905,154,"76.61711114",0.6622807017543858,0.4155844155844156,0.2807017543859649,0.33116883116883117,0.2236842105263158,"8.059157763",4,2.8185650655343455,74,0.32456140350877194,77,0.33771929824561403
670541,"Alvarez, Yordan",204,0.9147982062780269,160,"76.602470588",0.6764705882352943,0.3125,0.24509803921568626,0.1875,0.14705882352941177,"7.759619167",0,-9.32662694249019,44,0.21568627450980393,78,0.38235294117647056
592450,"Judge, Aaron",235,0.9003831417624522,173,"76.590740851",0.6765957446808509,0.35260115606936415,0.25957446808510637,0.24855491329479767,0.1829787234042553,"8.152046894",6,15.525264826937216,62,0.26382978723404255,92,0.39148936170212767
656941,"Schwarber, Kyle",212,0.8983050847457628,155,"76.478348585",0.7264150943396226,0.36774193548387096,0.2688679245283019,0.23870967741935484,0.17452830188679244,"7.528566368",10,3.3044977570502008,57,0.2688679245283019,81,0.38207547169811323
624413,"Alonso, Pete",267,0.9175257731958762,211,"76.309311723",0.6367041198501873,0.33649289099526064,0.26591760299625467,0.24170616113744076,0.19101123595505617,"7.118520412",2,8.417729797884586,56,0.20973782771535582,94,0.352059925093633
575929,"Contreras, Willson",261,0.90625,186,"75.935",0.5747126436781609,0.27956989247311825,0.19923371647509577,0.1774193548387097,0.12643678160919541,"7.874195249",2,-5.5127919591535095,75,0.28735632183908044,87,0.3333333333333333
665489,"Guerrero Jr., Vladimir",216,0.9037656903765691,162,"75.872369028",0.6157407407407407,0.35185185185185186,0.2638888888888889,0.22839506172839505,0.1712962962962963,"7.560752685",1,-4.6346920712682484,54,0.25,91,0.4212962962962963
663586,"Riley, Austin",277,0.8993506493506493,200,"75.830268845",0.6028880866425994,0.27,0.19494584837545126,0.185,0.13357400722021662,"7.537801372",6,2.955771014941223,77,0.2779783393501805,86,0.3104693140794224
682829,"De La Cruz, Elly",219,0.9087136929460581,152,"75.470277717",0.5570776255707762,0.34868421052631576,0.2420091324200913,0.2236842105263158,0.1552511415525114,"7.124929635",4,-6.283113674589509,67,0.3059360730593607,84,0.3835616438356164
695578,"Wood, James",247,0.9047619047619048,186,"75.46661583",0.6032388663967612,0.27956989247311825,0.21052631578947367,0.1881720430107527,0.1417004048582996,"7.466104211",6,0.3789919595434066,61,0.24696356275303644,85,0.3441295546558704
606466,"Marte, Ketel",65,0.9027777777777778,50,"75.461423231",0.5538461538461539,0.36,0.27692307692307694,0.26,0.2,"7.978624769",1,-1.1795489065328086,15,0.23076923076923078,27,0.4153846153846154
663624,"Mountcastle, Ryan",200,0.9049773755656109,136,"75.4438034",0.5499999999999999,0.3235294117647059,0.22,0.16176470588235295,0.11,"7.66033625",6,-4.857370136089068,64,0.32,69,0.345
701358,"Smith, Cam",141,0.9096774193548387,100,"75.417364184",0.5886524822695035,0.25,0.1773049645390071,0.14,0.09929078014184398,"7.51104695",4,-4.959693186036686,41,0.2907801418439716,53,0.375886524822695
669394,"Burger, Jake",175,0.9114583333333334,127,"75.375993714",0.5942857142857142,0.2992125984251969,0.21714285714285714,0.1968503937007874,0.14285714285714285,"7.529795143",4,-7.257167090899142,48,0.2742857142857143,65,0.37142857142857144
656305,"Chapman, Matt",241,0.9026217228464419,182,"75.358999046",0.5394190871369294,0.2967032967032967,0.22406639004149378,0.17582417582417584,0.13278008298755187,"7.465956017",10,-6.841268753953906,59,0.24481327800829875,79,0.3278008298755187
677594,"Rodríguez, Julio",266,0.9204152249134948,181,"75.346388496",0.5225563909774436,0.3259668508287293,0.22180451127819548,0.17679558011049723,0.12030075187969924,"7.696284361",4,-11.360046468412783,85,0.31954887218045114,98,0.3684210526315789
673357,"Robert Jr., Luis",239,0.8984962406015038,175,"75.270627908",0.5606694560669455,0.22285714285714286,0.16317991631799164,0.14285714285714285,0.10460251046025104,"7.795701883",8,-2.821949799820434,64,0.26778242677824265,72,0.301255230125523
672356,"Arias, Gabriel",196,0.8990825688073395,118,"75.214649388",0.5306122448979591,0.288135593220339,0.17346938775510204,0.1694915254237288,0.10204081632653061,"7.614698163",8,-2.403730124453691,78,0.3979591836734694,66,0.336734693877551
671213,"Casas, Triston",190,0.9090909090909091,130,"75.123075737",0.5421052631578948,0.27692307692307694,0.18947368421052632,0.17692307692307693,0.12105263157894737,"7.991144421",3,-9.025521366738326,60,0.3157894736842105,64,0.3368421052631579
682998,"Carroll, Corbin",274,0.8954248366013072,197,"74.994591861",0.48540145985401456,0.3147208121827411,0.22627737226277372,0.2131979695431472,0.15328467153284672,"7.288842737",6,5.804328961870977,77,0.28102189781021897,91,0.33211678832116787
683002,"Henderson, Gunnar",175,0.9114583333333334,133,"74.866084629",0.5028571428571428,0.39097744360902253,0.29714285714285715,0.2631578947368421,0.2,"7.363365429",3,-4.059036619095439,42,0.24,72,0.4114285714285714
666624,"Morel, Christopher",185,0.8980582524271845,121,"74.77772227",0.48108108108108116,0.2396694214876033,0.15675675675675677,0.1322314049586777,0.08648648648648649,"8.169908595",6,-2.9678456047547646,64,0.34594594594594597,48,0.2594594594594595
592518,"Machado, Manny",245,0.9074074074074074,189,"74.615245429",0.4489795918367348,0.35978835978835977,0.27755102040816326,0.2222222222222222,0.17142857142857143,"7.832593469",3,0.09700711659968753,56,0.22857142857142856,95,0.3877551020408163
621439,"Buxton, Byron",239,0.9018867924528302,167,"74.573434059",0.4225941422594143,0.30538922155688625,0.21338912133891214,0.18562874251497005,0.1297071129707113,"7.99725477",4,-0.7011602491444987,72,0.301255230125523,80,0.33472803347280333
700250,"Rice, Ben",180,0.9,135,"74.567303278",0.4722222222222223,0.35555555555555557,0.26666666666666666,0.2222222222222222,0.16666666666666666,"7.539003833",5,4.417346409844231,45,0.25,70,0.3888888888888889
547180,"Harper, Bryce",258,0.8989547038327527,173,"74.522690271",0.48449612403100784,0.3063583815028902,0.2054263565891473,0.19653179190751446,0.13178294573643412,"7.492882132",5,-6.515357070630395,85,0.32945736434108525,89,0.3449612403100775
669065,"Stowers, Kyle",223,0.8991935483870968,151,"74.484543363",0.430493273542601,0.2847682119205298,0.19282511210762332,0.1986754966887417,0.13452914798206278,"6.623443991",11,-0.10437123845618945,72,0.32286995515695066,73,0.3273542600896861
663457,"Nootbaar, Lars",206,0.9074889867841409,172,"74.409845971",0.4902912621359225,0.3546511627906977,0.2961165048543689,0.21511627906976744,0.1796116504854369,"6.939097816",3,-4.002721846516095,34,0.1650485436893204,96,0.46601941747572817
670042,"Raley, Luke",166,0.9120879120879121,101,"74.328463494",0.43975903614457834,0.297029702970297,0.18072289156626506,0.18811881188118812,0.1144578313253012,"7.169944518",2,-9.21855558000506,65,0.39156626506024095,44,0.26506024096385544
694671,"Langford, Wyatt",162,0.9152542372881356,129,"74.271506667",0.40740740740740733,0.3643410852713178,0.29012345679012347,0.15503875968992248,0.12345679012345678,"7.225660123",0,1.7613361624219719,33,0.2037037037037037,67,0.41358024691358025
696100,"Goodman, Hunter",232,0.9133858267716536,161,"74.253360388",0.39224137931034486,0.2981366459627329,0.20689655172413793,0.15527950310559005,0.10775862068965517,"7.148544871",5,-1.850539925033731,71,0.30603448275862066,81,0.34913793103448276
663728,"Raleigh, Cal",295,0.9021406727828746,215,"74.232911559",0.4271186440677966,0.2558139534883721,0.1864406779661017,0.15813953488372093,0.1152542372881356,"7.819407492",6,2.0222995551876193,80,0.2711864406779661,86,0.29152542372881357
641857,"McMahon, Ryan",229,0.9051383399209486,161,"74.231632271",0.4323144104803496,0.2981366459627329,0.2096069868995633,0.14285714285714285,0.10043668122270742,"7.449869563",8,-14.510639894591732,68,0.29694323144104806,67,0.2925764192139738
682985,"Greene, Riley",268,0.8963210702341137,193,"74.185997201",0.4365671641791045,0.27979274611398963,0.20149253731343283,0.15025906735751296,0.10820895522388059,"7.053665784",1,-3.3542100584985026,75,0.2798507462686567,83,0.30970149253731344
677800,"Abreu, Wilyer",237,0.9080459770114943,199,"74.149137426",0.38396624472573837,0.25125628140703515,0.2109704641350211,0.1708542713567839,0.14345991561181434,"7.023967426",9,1.3392672361261377,38,0.16033755274261605,79,0.3333333333333333
671732,"Butler, Lawrence",250,0.9057971014492754,168,"74.11728256",0.41600000000000004,0.35714285714285715,0.24,0.19642857142857142,0.132,"7.01000292",2,-10.162650043305508,82,0.328,93,0.372
677951,"Witt Jr., Bobby",257,0.9081272084805654,202,"74.092796031",0.45136186770428016,0.31683168316831684,0.2490272373540856,0.17326732673267325,0.13618677042801555,"7.043415837",6,5.6814633470676545,55,0.2140077821011673,100,0.38910505836575876
691016,"Soderstrom, Tyler",231,0.8988326848249028,185,"73.981312554",0.367965367965368,0.32972972972972975,0.26406926406926406,0.21621621621621623,0.17316017316017315,"7.590448398",9,-1.626850742484522,46,0.19913419913419914,95,0.41125541125541126
700242,"Sweeney, Trey",197,0.9205607476635514,153,"73.95511132",0.3401015228426396,0.2875816993464052,0.2233502538071066,0.1830065359477124,0.14213197969543148,"7.534455076",2,-5.090261835311231,44,0.2233502538071066,76,0.38578680203045684
686469,"Pasquantino, Vinnie",233,0.9031007751937985,186,"73.908734292",0.407725321888412,0.3548387096774194,0.2832618025751073,0.16129032258064516,0.12875536480686695,"7.481149313",5,-5.429325739569715,47,0.2017167381974249,101,0.4334763948497854
657757,"Sheets, Gavin",173,0.9010416666666666,134,"73.899149422",0.43352601156069365,0.31343283582089554,0.24277456647398843,0.16417910447761194,0.12716763005780346,"7.747862081",7,-0.22250151729519496,39,0.2254335260115607,62,0.3583815028901734
624585,"Soler, Jorge",212,0.905982905982906,154,"73.893228585",0.39150943396226423,0.3116883116883117,0.22641509433962265,0.18181818181818182,0.1320754716981132,"7.847337028",4,-0.120692373131292,58,0.27358490566037735,79,0.37264150943396224
542303,"Ozuna, Marcell",188,0.9038461538461539,141,"73.889136968",0.4361702127659574,0.3546099290780142,0.26595744680851063,0.18439716312056736,0.13829787234042554,"7.267916968",1,-2.093383950892314,47,0.25,66,0.35106382978723405
687597,"Beck, Jordan",144,0.9113924050632911,91,"73.852515069",0.43750000000000006,0.2967032967032967,0.1875,0.17582417582417584,0.1111111111111111,"7.781568542",0,6.365782175952904,53,0.3680555555555556,40,0.2777777777777778
694192,"Chourio, Jackson",281,0.9064516129032258,222,"73.763135516",0.4199288256227758,0.31981981981981983,0.2526690391459075,0.15765765765765766,0.12455516014234876,"7.676466619",6,-0.1109853159237672,59,0.2099644128113879,113,0.40213523131672596
572233,"Walker, Christian",248,0.9018181818181819,188,"73.720251532",0.36290322580645157,0.26595744680851063,0.20161290322580644,0.13829787234042554,0.10483870967741936,"7.366589597",11,-8.314365825332299,60,0.24193548387096775,76,0.3064516129032258
667670,"Rooker, Brent",272,0.9036544850498339,190,"73.701281765",0.3639705882352942,0.34210526315789475,0.23897058823529413,0.16842105263157894,0.11764705882352941,"7.204696581",8,-3.8600948814983056,82,0.3014705882352941,97,0.35661764705882354
621566,"Olson, Matt",243,0.9135338345864662,187,"73.686191152",0.4156378600823045,0.32620320855614976,0.25102880658436216,0.1925133689839572,0.14814814814814814,"7.396119959",4,-7.139014374133441,56,0.23045267489711935,85,0.3497942386831276
680776,"Duran, Jarren",249,0.8989169675090253,195,"73.664847068",0.34939759036144585,0.36923076923076925,0.2891566265060241,0.21025641025641026,0.1646586345381526,"7.307410843",4,-3.0897149049287655,54,0.21686746987951808,115,0.46184738955823296
666134,"Jones, Nolan",148,0.8862275449101796,106,"73.566214392",0.38513513513513514,0.27358490566037735,0.19594594594594594,0.1509433962264151,0.10810810810810811,"6.940657365",4,-7.991813195477485,42,0.28378378378378377,39,0.2635135135135135
650490,"Díaz, Yandy",226,0.900398406374502,191,"73.537861903",0.38495575221238953,0.3717277486910995,0.3141592920353982,0.24083769633507854,0.20353982300884957,"7.61963323",3,-8.294721060603539,35,0.15486725663716813,108,0.4778761061946903
665742,"Soto, Juan",199,0.9045454545454545,171,"73.435441558",0.38190954773869346,0.4444444444444444,0.38190954773869346,0.2982456140350877,0.2562814070351759,"7.041708593",9,-0.07913777801621036,28,0.1407035175879397,102,0.5125628140703518
663698,"Bart, Joey",139,0.9025974025974026,98,"73.408671151",0.3525179856115108,0.3163265306122449,0.22302158273381295,0.17346938775510204,0.1223021582733813,"7.284455252",5,-5.7350666541107245,41,0.2949640287769784,52,0.37410071942446044
592626,"Pederson, Joc",158,0.9132947976878613,126,"73.407377278",0.3227848101265823,0.30952380952380953,0.2468354430379747,0.10317460317460317,0.08227848101265822,"7.586787722",2,-14.6008928858699,32,0.20253164556962025,56,0.35443037974683544
669224,"Wells, Austin",216,0.9,163,"73.402378426",0.3472222222222223,0.3067484662576687,0.23148148148148148,0.17791411042944785,0.13425925925925927,"7.625638194",5,-3.48700358499198,53,0.24537037037037038,75,0.3472222222222222
624424,"Conforto, Michael",190,0.9134615384615384,137,"73.371134842",0.31052631578947376,0.22627737226277372,0.1631578947368421,0.10948905109489052,0.07894736842105263,"7.318215789",1,-11.358192911703384,53,0.2789473684210526,56,0.29473684210526313
670223,"Mervis, Matt",181,0.905,103,"73.35709768",0.3480662983425415,0.3106796116504854,0.17679558011049723,0.17475728155339806,0.09944751381215469,"8.267043204",5,-1.129851094641273,78,0.430939226519337,44,0.2430939226519337
671218,"Ramos, Heliot",275,0.9016393442622951,214,"73.337846655",0.3963636363636365,0.26635514018691586,0.20727272727272728,0.14018691588785046,0.10909090909090909,"6.7021408",7,-5.799931630780713,61,0.22181818181818183,91,0.33090909090909093
670224,"Misner, Kameron",160,0.898876404494382,112,"73.241027875",0.2750000000000001,0.30357142857142855,0.2125,0.125,0.0875,"7.823658",3,-3.2922491595993217,48,0.3,58,0.3625
621043,"Correa, Carlos",221,0.9246861924686193,174,"73.237719457",0.36651583710407243,0.28160919540229884,0.22171945701357465,0.16091954022988506,0.12669683257918551,"7.27548362",0,-11.4102164605927,47,0.21266968325791855,86,0.3891402714932127
677347,"Paris, Kyren",156,0.9176470588235294,84,"73.234583974",0.3653846153846153,0.2619047619047619,0.14102564102564102,0.15476190476190477,0.08333333333333333,"7.477145064",0,0.4846588218014173,72,0.46153846153846156,37,0.23717948717948717
665487,"Tatis Jr., Fernando",225,0.907258064516129,169,"73.219863333",0.3555555555555556,0.3905325443786982,0.29333333333333333,0.25443786982248523,0.19111111111111112,"7.133707956",5,5.846441930575797,56,0.24888888888888888,90,0.4
692225,"Campbell, Kristian",203,0.8942731277533039,147,"73.193097882",0.374384236453202,0.3469387755102041,0.2512315270935961,0.19047619047619047,0.13793103448275862,"6.820405419",6,-1.1033397500678974,56,0.27586206896551724,70,0.3448275862068966
545361,"Trout, Mike",201,0.9013452914798207,143,"73.18753199",0.3034825870646767,0.3146853146853147,0.22388059701492538,0.16083916083916083,0.11442786069651742,"7.39034204",7,-6.107637219507367,58,0.2885572139303483,67,0.3333333333333333
686611,"Crews, Dylan",192,0.9056603773584906,138,"73.186525104",0.35416666666666663,0.3333333333333333,0.23958333333333334,0.17391304347826086,0.125,"7.196051406",9,-9.583272334013632,54,0.28125,75,0.390625
666160,"Moniak, Mickey",143,0.89375,102,"73.109112308",0.27272727272727265,0.38235294117647056,0.2727272727272727,0.17647058823529413,0.1258741258741259,"7.589014615",6,-3.5291131610286888,41,0.2867132867132867,64,0.44755244755244755
679529,"Torkelson, Spencer",248,0.9084249084249084,185,"73.063598105",0.23790322580645168,0.32432432432432434,0.24193548387096775,0.1891891891891892,0.14112903225806453,"7.795092661",2,-3.451565412162318,63,0.2540322580645161,80,0.3225806451612903
671739,"Harris II, Michael",227,0.9043824701195219,188,"72.998322643",0.2731277533039648,0.2765957446808511,0.2290748898678414,0.15425531914893617,0.1277533039647577,"7.720780396",3,-11.0596013243015,39,0.17180616740088106,98,0.43171806167400884
669911,"Toglia, Michael",213,0.891213389121339,144,"72.997234601",0.2300469483568075,0.2777777777777778,0.18779342723004694,0.1527777777777778,0.10328638497652583,"7.624494225",6,-9.51870511984969,69,0.323943661971831,66,0.30985915492957744
661388,"Contreras, William",217,0.9004149377593361,170,"72.924854055",0.31797235023041476,0.37058823529411766,0.2903225806451613,0.16470588235294117,0.12903225806451613,"7.081919263",4,-1.9838884491081603,47,0.21658986175115208,87,0.4009216589861751
592663,"Realmuto, J.T.",201,0.9095022624434389,157,"72.917053582",0.3482587064676617,0.28662420382165604,0.22388059701492538,0.1592356687898089,0.12437810945273632,"7.540229353",3,-8.137405787496656,44,0.21890547263681592,73,0.36318407960199006
553993,"Suárez, Eugenio",250,0.9057971014492754,179,"72.870183",0.304,0.3575418994413408,0.256,0.17318435754189945,0.124,"7.9352324",12,-2.662938920841304,71,0.284,78,0.312
608369,"Seager, Corey",159,0.9034090909090909,121,"72.854815975",0.25157232704402516,0.36363636363636365,0.27672955974842767,0.21487603305785125,0.16352201257861634,"6.682835849",4,-2.5874328833755262,38,0.2389937106918239,64,0.4025157232704403
521692,"Perez, Salvador",241,0.8992537313432836,182,"72.827126473",0.2738589211618258,0.3076923076923077,0.23236514522821577,0.17582417582417584,0.13278008298755187,"7.939198631",3,-7.582077854595896,59,0.24481327800829875,95,0.3941908713692946
682928,"Abrams, CJ",153,0.9,111,"72.796287843",0.27450980392156865,0.35135135135135137,0.2549019607843137,0.15315315315315314,0.1111111111111111,"7.592636667",6,-0.36741495650748845,42,0.27450980392156865,60,0.39215686274509803
673548,"Suzuki, Seiya",218,0.9008264462809917,172,"72.788285596",0.33486238532110096,0.29651162790697677,0.23394495412844038,0.1569767441860465,0.12385321100917432,"7.257452385",6,4.304662556706562,46,0.21100917431192662,83,0.38073394495412843
592885,"Yelich, Christian",246,0.9077490774907749,175,"72.788003577",0.3089430894308943,0.2742857142857143,0.1951219512195122,0.16,0.11382113821138211,"7.505209553",6,-6.790251462546807,71,0.2886178861788618,82,0.3333333333333333
691176,"Domínguez, Jasson",189,0.8957345971563981,134,"72.780275608",0.28042328042328046,0.2835820895522388,0.20105820105820105,0.16417910447761194,0.1164021164021164,"7.763869206",4,-4.572850719590511,55,0.291005291005291,60,0.31746031746031744
686780,"Pagés, Pedro",166,0.9120879120879121,135,"72.761648614",0.30722891566265065,0.25925925925925924,0.21084337349397592,0.14074074074074075,0.1144578313253012,"7.099598193",4,-2.992836958726704,31,0.18674698795180722,66,0.39759036144578314
676572,"Wagaman, Eric",182,0.896551724137931,144,"72.686428571",0.2967032967032967,0.4027777777777778,0.31868131868131866,0.2152777777777778,0.17032967032967034,"7.123195714",9,-3.3709690958933725,38,0.2087912087912088,89,0.489010989010989
681624,"Pages, Andy",241,0.9060150375939849,195,"72.653139585",0.18257261410788383,0.2205128205128205,0.17842323651452283,0.07692307692307693,0.06224066390041494,"7.859109793",6,2.560042302375131,46,0.1908713692946058,75,0.3112033195020747
502671,"Goldschmidt, Paul",237,0.9045801526717557,190,"72.641544473",0.25738396624472576,0.3368421052631579,0.270042194092827,0.1631578947368421,0.1308016877637131,"7.690619958",2,2.5191925271681535,47,0.19831223628691982,101,0.42616033755274263
678662,"Tovar, Ezequiel",119,0.9083969465648855,92,"72.536464118",0.226890756302521,0.3804347826086957,0.29411764705882354,0.16304347826086957,0.12605042016806722,"7.538495798",1,-5.845425508629421,27,0.226890756302521,50,0.42016806722689076
693307,"Dingler, Dillon",169,0.9135135135135135,127,"72.514027692",0.21893491124260359,0.31496062992125984,0.23668639053254437,0.15748031496062992,0.11834319526627218,"7.788123314",2,2.476153543595302,42,0.2485207100591716,64,0.378698224852071
666310,"Naylor, Bo",152,0.9047619047619048,120,"72.421227237",0.21710526315789477,0.3,0.23684210526315788,0.125,0.09868421052631579,"7.755883092",4,-6.635758274092596,32,0.21052631578947367,54,0.35526315789473684
656811,"O'Hearn, Ryan",149,0.9085365853658537,124,"72.361140671",0.22818791946308725,0.3790322580645161,0.31543624161073824,0.20967741935483872,0.174496644295302,"7.261990201",6,4.420464187591569,25,0.16778523489932887,67,0.44966442953020136
606192,"Hernández, Teoscar",224,0.9142857142857143,160,"72.357278304",0.2767857142857143,0.3125,0.22321428571428573,0.1875,0.13392857142857142,"7.8809",3,5.779328083879061,64,0.2857142857142857,92,0.4107142857142857
543807,"Springer, George",165,0.9016393442622951,113,"72.329321818",0.3212121212121213,0.3893805309734513,0.26666666666666666,0.19469026548672566,0.13333333333333333,"7.482035212",5,-0.35508338813159357,52,0.3151515151515151,57,0.34545454545454546
668804,"Reynolds, Bryan",274,0.9102990033222591,203,"72.318906241",0.21897810218978103,0.32019704433497537,0.23722627737226276,0.18226600985221675,0.13503649635036497,"6.903116861",12,-7.805720725086969,71,0.2591240875912409,97,0.354014598540146
668227,"Arozarena, Randy",225,0.9,157,"72.316445511",0.3111111111111111,0.3248407643312102,0.22666666666666666,0.18471337579617833,0.1288888888888889,"7.519860089",6,-6.769659336739355,68,0.3022222222222222,69,0.30666666666666664
668709,"Bleday, JJ",207,0.9078947368421053,162,"72.282827246",0.1980676328502416,0.345679012345679,0.27053140096618356,0.12962962962962962,0.10144927536231885,"7.589268261",5,-7.901002998092995,45,0.21739130434782608,83,0.40096618357487923
663656,"Tucker, Kyle",257,0.9113475177304965,209,"72.280210934",0.264591439688716,0.39712918660287083,0.3229571984435798,0.18181818181818182,0.14785992217898833,"7.549831089",5,1.2458037564619548,48,0.1867704280155642,115,0.4474708171206226
669127,"Langeliers, Shea",197,0.9078341013824884,157,"72.211958782",0.18781725888324877,0.35668789808917195,0.28426395939086296,0.17834394904458598,0.14213197969543148,"7.140150203",0,-6.811238953289988,40,0.20304568527918782,85,0.43147208121827413
687401,"Ortiz, Joey",200,0.8968609865470852,173,"72.169427",0.19000000000000003,0.2658959537572254,0.23,0.11560693641618497,0.1,"7.5112109",3,-10.457241807968858,27,0.135,91,0.455
664056,"Bader, Harrison",166,0.8972972972972973,124,"72.167323614",0.19879518072289154,0.29838709677419356,0.22289156626506024,0.14516129032258066,0.10843373493975904,"7.110805301",6,-0.7616421801993446,42,0.25301204819277107,62,0.37349397590361444
656976,"Smith, Pavin",141,0.9038461538461539,97,"72.151525887",0.2553191489361702,0.3711340206185567,0.2553191489361702,0.14432989690721648,0.09929078014184398,"7.396267801",8,3.2834709654747583,44,0.3120567375886525,49,0.3475177304964539
502054,"Pham, Tommy",171,0.9,124,"72.151179415",0.21052631578947367,0.33064516129032256,0.23976608187134502,0.12903225806451613,0.0935672514619883,"7.045200175",1,-10.8254306979534,47,0.27485380116959063,60,0.3508771929824561
664040,"Lowe, Brandon",226,0.9076305220883534,143,"72.113479336",0.19469026548672566,0.36363636363636365,0.23008849557522124,0.18181818181818182,0.11504424778761062,"7.112534425",6,-12.008255124842021,83,0.3672566371681416,78,0.34513274336283184
664023,"Happ, Ian",266,0.9078498293515358,210,"72.10590015",0.18045112781954892,0.34285714285714286,0.2706766917293233,0.14761904761904762,0.11654135338345864,"6.990929361",1,-5.190204779672682,56,0.21052631578947367,108,0.40601503759398494
665804,"Amaya, Miguel",144,0.9113924050632911,109,"72.095423125",0.22222222222222224,0.27522935779816515,0.20833333333333334,0.10091743119266056,0.0763888888888889,"7.698490903",2,-0.6840521807398985,35,0.24305555555555555,49,0.3402777777777778
593428,"Bogaerts, Xander",185,0.8980582524271845,152,"72.051602108",0.21621621621621623,0.3355263157894737,0.2756756756756757,0.15789473684210525,0.12972972972972974,"7.358285243",2,-3.771991829547389,33,0.1783783783783784,81,0.43783783783783786
665161,"Peña, Jeremy",225,0.9036144578313253,177,"72.0411236",0.1288888888888889,0.3615819209039548,0.28444444444444444,0.23163841807909605,0.18222222222222223,"7.489590267",3,-2.8021916194462317,48,0.21333333333333335,104,0.4622222222222222
666969,"García, Adolis",246,0.9044117647058824,170,"72.03949935",0.23170731707317077,0.38235294117647056,0.26422764227642276,0.17647058823529413,0.12195121951219512,"7.633958496",4,-10.629952611590154,76,0.3089430894308943,86,0.34959349593495936
607043,"Nimmo, Brandon",229,0.9051383399209486,178,"72.02411952",0.26200873362445415,0.398876404494382,0.31004366812227074,0.2303370786516854,0.17903930131004367,"7.295353188",6,-6.643010298673188,51,0.22270742358078602,95,0.4148471615720524
595879,"Báez, Javier",165,0.9065934065934066,120,"72.019040424",0.16969696969696968,0.31666666666666665,0.23030303030303031,0.13333333333333333,0.09696969696969697,"8.133809273",2,2.2273981751164977,45,0.2727272727272727,66,0.4
663993,"Lowe, Nathaniel",256,0.9045936395759717,204,"71.987761523",0.21875000000000008,0.25980392156862747,0.20703125,0.14705882352941177,0.1171875,"7.221153555",9,-0.9244796477865087,52,0.203125,84,0.328125
673237,"Diaz, Yainer",207,0.9039301310043668,161,"71.971233816",0.140096618357488,0.32919254658385094,0.2560386473429952,0.14285714285714285,0.1111111111111111,"7.462659179",5,-3.9263731855179835,46,0.2222222222222222,82,0.3961352657004831
676475,"Burleson, Alec",178,0.898989898989899,152,"71.963765843",0.26404494382022475,0.3618421052631579,0.3089887640449438,0.11842105263157894,0.10112359550561797,"7.60928382",3,-4.759744838496946,26,0.14606741573033707,77,0.43258426966292135
671277,"García Jr., Luis",189,0.9,154,"71.960594021",0.22751322751322756,0.4090909090909091,0.3333333333333333,0.16883116883116883,0.13756613756613756,"7.437718783",7,-3.734052150357605,35,0.18518518518518517,90,0.47619047619047616
672580,"Garcia, Maikel",183,0.915,161,"71.959369399",0.16393442622950824,0.422360248447205,0.37158469945355194,0.2484472049689441,0.2185792349726776,"7.305194372",5,-0.26933168587311374,22,0.12021857923497267,94,0.5136612021857924
683011,"Volpe, Anthony",228,0.912,167,"71.958181886",0.20614035087719304,0.3712574850299401,0.2719298245614035,0.20359281437125748,0.14912280701754385,"7.072927149",3,-5.458901291376247,61,0.2675438596491228,81,0.35526315789473684
593871,"Polanco, Jorge",144,0.9,118,"71.908050764",0.20833333333333334,0.423728813559322,0.3472222222222222,0.2457627118644068,0.2013888888888889,"7.320854028",3,12.286274108460633,26,0.18055555555555555,68,0.4722222222222222
663616,"Larnach, Trevor",229,0.9015748031496063,170,"71.906910524",0.20524017467248912,0.3411764705882353,0.25327510917030566,0.1411764705882353,0.10480349344978165,"7.46348",5,-4.94785785852104,59,0.2576419213973799,87,0.3799126637554585
700932,"Manzardo, Kyle",190,0.9134615384615384,134,"71.885486316",0.15789473684210528,0.3283582089552239,0.23157894736842105,0.12686567164179105,0.08947368421052632,"7.554152316",4,-2.7385426216211295,56,0.29473684210526313,64,0.3368421052631579
664761,"Bohm, Alec",208,0.9004329004329005,182,"71.869164856",0.17307692307692313,0.3791208791208791,0.3317307692307692,0.1813186813186813,0.15865384615384615,"7.357950433",4,-11.093613056292963,26,0.125,99,0.47596153846153844
665862,"Chisholm Jr., Jazz",199,0.8923766816143498,134,"71.845909598",0.25125628140703526,0.3283582089552239,0.22110552763819097,0.1417910447761194,0.09547738693467336,"7.674794874",3,-3.377243151638246,65,0.32663316582914576,61,0.3065326633165829
672386,"Kirk, Alejandro",167,0.8978494623655914,134,"71.765504731",0.22754491017964076,0.4253731343283582,0.3413173652694611,0.23880597014925373,0.19161676646706588,"7.252892275",3,-3.514934413026299,33,0.19760479041916168,83,0.49700598802395207
623993,"Santander, Anthony",256,0.9175627240143369,199,"71.762550977",0.19531249999999997,0.31155778894472363,0.2421875,0.1457286432160804,0.11328125,"7.194419883",1,-10.837705010584074,57,0.22265625,91,0.35546875
681481,"Carpenter, Kerry",211,0.9134199134199135,170,"71.761761422",0.18483412322274886,0.4,0.3222748815165877,0.18823529411764706,0.15165876777251186,"7.392607014",1,6.857678830135013,41,0.1943127962085308,87,0.41232227488151657
467793,"Santana, Carlos",208,0.9043478260869565,155,"71.750114904",0.1971153846153847,0.2709677419354839,0.20192307692307693,0.14838709677419354,0.11057692307692307,"7.617185721",0,-7.731772096993314,53,0.2548076923076923,76,0.36538461538461536
642715,"Adames, Willy",262,0.9128919860627178,200,"71.729240191",0.19465648854961837,0.305,0.23282442748091603,0.11,0.08396946564885496,"8.113895725",2,-8.709036815804751,62,0.2366412213740458,95,0.36259541984732824
665966,"Narváez, Carlos",167,0.907608695652174,122,"71.69154994",0.14371257485029945,0.3442622950819672,0.25149700598802394,0.1721311475409836,0.12574850299401197,"7.589658862",1,-3.366960948270778,45,0.2694610778443114,57,0.3413173652694611
596146,"Kepler, Max",199,0.8923766816143498,161,"71.671953869",0.21608040201005022,0.37267080745341613,0.3015075376884422,0.18633540372670807,0.1507537688442211,"7.342465427",4,-1.310126388058588,38,0.19095477386934673,79,0.3969849246231156
571448,"Arenado, Nolan",214,0.895397489539749,179,"71.628457804",0.17289719626168232,0.3463687150837989,0.2897196261682243,0.1005586592178771,0.08411214953271028,"8.489951822",6,-3.3995760317798345,35,0.16355140186915887,107,0.5
646240,"Devers, Rafael",313,0.9072463768115943,202,"71.627994505",0.1757188498402556,0.3217821782178218,0.20766773162939298,0.16831683168316833,0.10862619808306709,"7.520551597",6,-9.087526022431952,111,0.3546325878594249,82,0.26198083067092653
608324,"Bregman, Alex",237,0.9115384615384615,204,"71.614874051",0.10548523206751055,0.4166666666666667,0.35864978902953587,0.18627450980392157,0.16033755274261605,"7.158056076",3,8.472004793454158,33,0.13924050632911392,106,0.4472573839662447
663697,"India, Jonathan",212,0.9098712446351931,181,"71.554821698",0.18396226415094347,0.35911602209944754,0.30660377358490565,0.1270718232044199,0.10849056603773585,"7.344388821",6,-11.15591531663128,31,0.14622641509433962,95,0.4481132075471698
691718,"Crow-Armstrong, Pete",260,0.9027777777777778,210,"71.553977231",0.18846153846153846,0.34285714285714286,0.27692307692307694,0.14285714285714285,0.11538461538461539,"7.210910308",6,4.687362028208511,50,0.19230769230769232,99,0.38076923076923075
571970,"Muncy, Max",203,0.8942731277533039,150,"71.514076847",0.14778325123152714,0.21333333333333335,0.15763546798029557,0.12666666666666668,0.09359605911330049,"7.072758621",6,-10.084766810464327,53,0.26108374384236455,54,0.2660098522167488
605137,"Bell, Josh",210,0.9090909090909091,152,"71.492010238",0.19047619047619052,0.3026315789473684,0.21904761904761905,0.11842105263157894,0.08571428571428572,"8.075654762",2,-11.013400703275396,58,0.2761904761904762,76,0.3619047619047619
663757,"Grisham, Trent",135,0.9,118,"71.447254519",0.14074074074074078,0.3898305084745763,0.34074074074074073,0.1694915254237288,0.14814814814814814,"7.728705407",2,3.970911273187533,17,0.1259259259259259,57,0.4222222222222222
672820,"Sosa, Lenyn",223,0.9102040816326531,174,"71.327391031",0.16143497757847539,0.3620689655172414,0.2825112107623318,0.14367816091954022,0.11210762331838565,"7.356628969",4,-2.430874925651623,49,0.21973094170403587,88,0.39461883408071746
672275,"Bailey, Patrick",170,0.8994708994708994,110,"71.326943882",0.10000000000000002,0.3181818181818182,0.20588235294117646,0.10909090909090909,0.07058823529411765,"7.296889529",1,-7.974639976581586,60,0.35294117647058826,54,0.3176470588235294
609280,"Andujar, Miguel",158,0.9132947976878613,133,"71.306765633",0.18987341772151903,0.3383458646616541,0.2848101265822785,0.15037593984962405,0.12658227848101267,"7.660093291",2,-3.6224516515069896,25,0.15822784810126583,69,0.43670886075949367
680777,"Jeffers, Ryan",144,0.9,116,"71.259736667",0.19444444444444448,0.3879310344827586,0.3125,0.16379310344827586,0.13194444444444445,"7.154057083",3,-0.9191311344618684,28,0.19444444444444445,65,0.4513888888888889
666971,"Gurriel Jr., Lourdes",228,0.8976377952755905,194,"71.25067057",0.12280701754385971,0.3556701030927835,0.3026315789473684,0.15979381443298968,0.13596491228070176,"7.463498202",7,-6.368775984800039,34,0.14912280701754385,104,0.45614035087719296
621020,"Swanson, Dansby",234,0.896551724137931,166,"71.215982094",0.07692307692307694,0.3855421686746988,0.27350427350427353,0.19879518072289157,0.14102564102564102,"7.407677479",8,-4.843493241592475,68,0.2905982905982906,88,0.37606837606837606
677950,"Thomas, Alek",156,0.896551724137931,119,"71.188271795",0.09615384615384617,0.42857142857142855,0.3269230769230769,0.16806722689075632,0.1282051282051282,"7.078100064",8,-2.2192506218601853,37,0.23717948717948717,65,0.4166666666666667
641487,"Crawford, J.P.",225,0.9036144578313253,186,"71.122257111",0.1955555555555556,0.24731182795698925,0.20444444444444446,0.0913978494623656,0.07555555555555556,"7.1283852",1,-3.196087361515575,39,0.17333333333333334,77,0.3422222222222222
681351,"O'Hoppe, Logan",188,0.8995215311004785,127,"71.088747234",0.14361702127659579,0.28346456692913385,0.19148936170212766,0.1968503937007874,0.13297872340425532,"7.553025266",3,1.2392843732744774,61,0.324468085106383,55,0.2925531914893617
457705,"McCutchen, Andrew",191,0.9009433962264151,148,"71.012792932",0.08376963350785342,0.35135135135135137,0.27225130890052357,0.14864864864864866,0.11518324607329843,"7.739386963",4,-5.248045693912081,43,0.225130890052356,73,0.38219895287958117
681460,"Baldwin, Brooks",169,0.898936170212766,126,"70.987433018",0.13609467455621305,0.3492063492063492,0.2603550295857988,0.11904761904761904,0.08875739644970414,"6.920803195",5,-3.8429872681627675,43,0.25443786982248523,61,0.3609467455621302
656775,"Mullins, Cedric",221,0.9094650205761317,184,"70.981393982",0.10859728506787333,0.30434782608695654,0.25339366515837103,0.125,0.10407239819004525,"7.60865448",8,-1.778983207211628,37,0.167420814479638,80,0.36199095022624433
671221,"Waters, Drew",146,0.9012345679012346,100,"70.93447411",0.13013698630136988,0.26,0.1780821917808219,0.08,0.0547945205479452,"6.607165548",5,-0.7201932951189403,46,0.3150684931506849,48,0.3287671232876712
665750,"Taveras, Leody",136,0.8947368421052632,99,"70.92751375",0.15441176470588236,0.29292929292929293,0.21323529411764705,0.10101010101010101,0.07352941176470588,"7.26111875",0,-3.2082885676164405,37,0.27205882352941174,46,0.3382352941176471
668715,"Steer, Spencer",208,0.9082969432314411,158,"70.887476394",0.06730769230769232,0.3227848101265823,0.24519230769230768,0.08227848101265822,0.0625,"7.532678221",4,-8.916544913683627,50,0.2403846153846154,81,0.3894230769230769
596115,"Story, Trevor",277,0.9052287581699346,196,"70.880290144",0.12996389891696752,0.27040816326530615,0.19133574007220217,0.15306122448979592,0.10830324909747292,"7.270411372",7,-6.543647013833158,81,0.2924187725631769,81,0.2924187725631769
592206,"Castellanos, Nick",253,0.9068100358422939,185,"70.836990237",0.18181818181818185,0.35135135135135137,0.25691699604743085,0.15675675675675677,0.11462450592885376,"7.659283083",6,-4.836500702238373,68,0.26877470355731226,91,0.35968379446640314
677587,"Rocchio, Brayan",150,0.8928571428571429,108,"70.823307067",0.1,0.3333333333333333,0.24,0.1111111111111111,0.08,"7.3609348",3,-9.938082781036666,42,0.28,58,0.38666666666666666
656555,"Hoskins, Rhys",184,0.8975609756097561,140,"70.817761413",0.12500000000000003,0.32857142857142857,0.25,0.15,0.11413043478260869,"8.203308152",6,-2.893904348135621,44,0.2391304347826087,65,0.3532608695652174
663647,"Hayes, Ke'Bryan",202,0.9099099099099099,157,"70.797493812",0.11386138613861391,0.4140127388535032,0.3217821782178218,0.18471337579617833,0.14356435643564355,"6.658315396",2,-8.600451824674979,45,0.22277227722772278,89,0.4405940594059406
673962,"Jung, Josh",152,0.8994082840236687,120,"70.758943158",0.05263157894736844,0.31666666666666665,0.25,0.15833333333333333,0.125,"6.974597105",3,0.9739451027745112,32,0.21052631578947367,65,0.4276315789473684
680574,"McLain, Matt",175,0.9067357512953368,127,"70.742808629",0.09714285714285714,0.31496062992125984,0.22857142857142856,0.13385826771653545,0.09714285714285714,"6.903034914",3,-6.962218397916474,48,0.2742857142857143,56,0.32
678882,"Rafaela, Ceddanne",222,0.9024390243902439,159,"70.636859414",0.13063063063063063,0.36477987421383645,0.26126126126126126,0.16981132075471697,0.12162162162162163,"7.359405856",3,-10.59517387963915,63,0.28378378378378377,75,0.33783783783783783
621438,"Taylor, Tyrone",155,0.9117647058823529,122,"70.628621742",0.14193548387096777,0.3114754098360656,0.24516129032258063,0.14754098360655737,0.11612903225806452,"7.574244903",1,-4.16885859823514,33,0.2129032258064516,65,0.41935483870967744
672515,"Moreno, Gabriel",166,0.8972972972972973,140,"70.617718193",0.12650602409638553,0.39285714285714285,0.3313253012048193,0.1357142857142857,0.1144578313253012,"6.851107048",2,-7.837797226915541,26,0.1566265060240964,61,0.3674698795180723
676059,"Westburg, Jordan",149,0.8975903614457831,113,"70.53373953",0.08724832214765102,0.34513274336283184,0.26174496644295303,0.168141592920354,0.12751677852348994,"6.653838859",3,-2.9477382582176164,36,0.24161073825503357,58,0.38926174496644295
678246,"Vargas, Miguel",228,0.9083665338645418,184,"70.526010482",0.09649122807017543,0.34782608695652173,0.2807017543859649,0.125,0.10087719298245613,"7.603616886",6,-9.385162761074236,44,0.19298245614035087,88,0.38596491228070173
641355,"Bellinger, Cody",228,0.9156626506024096,175,"70.50308307",0.10526315789473686,0.30857142857142855,0.23684210526315788,0.13142857142857142,0.10087719298245613,"7.759473904",3,-8.70045376948893,53,0.2324561403508772,79,0.34649122807017546
608070,"Ramírez, José",210,0.9090909090909091,169,"70.491802905",0.16190476190476194,0.34911242603550297,0.28095238095238095,0.11834319526627218,0.09523809523809523,"7.201662762",4,-2.835049796412526,41,0.19523809523809524,90,0.42857142857142855
647304,"Naylor, Josh",197,0.8834080717488789,164,"70.486029848",0.14213197969543154,0.40853658536585363,0.3401015228426396,0.22560975609756098,0.18781725888324874,"7.443166751",4,0.8026459125893579,33,0.16751269035532995,101,0.5126903553299492
686668,"Doyle, Brenton",159,0.888268156424581,123,"70.416267799",0.05031446540880503,0.36585365853658536,0.2830188679245283,0.14634146341463414,0.11320754716981132,"7.290773145",6,-6.870224071630925,36,0.22641509433962265,64,0.4025157232704403
691026,"Winn, Masyn",151,0.9041916167664671,113,"70.374066623",0.14569536423841062,0.3185840707964602,0.23841059602649006,0.1504424778761062,0.11258278145695365,"7.493714172",1,-0.20783929344600283,38,0.25165562913907286,51,0.33774834437086093
666018,"Aranda, Jonathan",198,0.9,145,"70.338715657",0.15151515151515157,0.33793103448275863,0.2474747474747475,0.1724137931034483,0.12626262626262627,"7.393587677",4,-2.6339408283561854,53,0.2676767676767677,62,0.31313131313131315
666397,"Julien, Edouard",167,0.9027027027027027,125,"70.327372575",0.08982035928143713,0.344,0.25748502994011974,0.112,0.08383233532934131,"7.038909581",3,-6.720555375052863,42,0.25149700598802394,57,0.3413173652694611
571771,"Hernández, Enrique",129,0.8958333333333334,92,"70.287038915",0.04651162790697676,0.33695652173913043,0.24031007751937986,0.11956521739130435,0.08527131782945736,"7.40135969",5,-2.7377152687746875,37,0.2868217054263566,41,0.3178294573643411
672640,"Lopez, Otto",164,0.9010989010989011,134,"70.182523049",0.12195121951219515,0.34328358208955223,0.2804878048780488,0.11194029850746269,0.09146341463414634,"6.719299024",3,-8.80580340276843,30,0.18292682926829268,80,0.4878048780487805
664034,"France, Ty",241,0.8992537313432836,194,"70.172396349",0.0788381742738589,0.35051546391752575,0.2821576763485477,0.14948453608247422,0.12033195020746888,"7.373525602",7,-6.4763310189329335,47,0.1950207468879668,98,0.4066390041493776
596019,"Lindor, Francisco",247,0.9114391143911439,203,"70.168949231",0.16194331983805668,0.3054187192118227,0.25101214574898784,0.11822660098522167,0.09716599190283401,"7.47252664",4,-7.941000657979093,44,0.17813765182186234,94,0.3805668016194332
686681,"Massey, Michael",212,0.8983050847457628,173,"70.150342689",0.0518867924528302,0.3468208092485549,0.2830188679245283,0.10982658959537572,0.08962264150943396,"7.16295",0,-12.354049510458369,39,0.18396226415094338,89,0.419811320754717
607208,"Turner, Trea",217,0.8966942148760331,165,"70.144660968",0.10599078341013829,0.36363636363636365,0.2764976958525346,0.11515151515151516,0.08755760368663594,"7.486291982",6,-4.03056796192993,52,0.23963133640552994,88,0.4055299539170507
650859,"Rengifo, Luis",197,0.9036697247706422,145,"70.103562234",0.09137055837563453,0.3448275862068966,0.25380710659898476,0.10344827586206896,0.07614213197969544,"7.133681929",1,-7.019550940394346,52,0.2639593908629442,80,0.40609137055837563
690993,"Keith, Colt",143,0.9050632911392406,112,"70.103086364",0.09090909090909093,0.30357142857142855,0.23776223776223776,0.13392857142857142,0.1048951048951049,"6.727141538",2,-4.79493605358033,31,0.21678321678321677,56,0.3916083916083916
573262,"Yastrzemski, Mike",189,0.9,159,"70.063236455",0.05291005291005291,0.32075471698113206,0.2698412698412698,0.1509433962264151,0.12698412698412698,"7.370914021",3,-0.3861856780222399,30,0.15873015873015872,78,0.4126984126984127
668939,"Rutschman, Adley",164,0.9010989010989011,145,"70.013721585",0.10365853658536585,0.42758620689655175,0.3780487804878049,0.12413793103448276,0.10975609756097561,"6.90131939",3,-5.031624558766677,19,0.11585365853658537,81,0.49390243902439024
669242,"Edman, Tommy",170,0.918918918918919,142,"69.942858824",0.12352941176470589,0.4084507042253521,0.3411764705882353,0.19718309859154928,0.16470588235294117,"6.921258706",2,0.5090157698865193,28,0.16470588235294117,87,0.5117647058823529
664774,"Wade Jr., LaMonte",162,0.9,128,"69.941012469",0.05555555555555555,0.3671875,0.29012345679012347,0.09375,0.07407407407407407,"6.825314444",5,-11.175777892251043,34,0.20987654320987653,65,0.4012345679012346
670770,"Friedl, TJ",202,0.9099099099099099,172,"69.89579104",0.034653465346534656,0.36627906976744184,0.3118811881188119,0.12790697674418605,0.10891089108910891,"6.676458762",1,-5.825049869654443,30,0.1485148514851485,104,0.5148514851485149
683734,"Vaughn, Andrew",239,0.9018867924528302,190,"69.890527155",0.08368200836820086,0.3631578947368421,0.28870292887029286,0.15263157894736842,0.12133891213389121,"7.378973682",5,-16.08098658172134,49,0.20502092050209206,91,0.3807531380753138
677008,"Kjerstad, Heston",159,0.8983050847457628,111,"69.870362138",0.0817610062893082,0.34234234234234234,0.2389937106918239,0.17117117117117117,0.11949685534591195,"7.036151006",1,-7.583893043432289,48,0.3018867924528302,51,0.32075471698113206
650402,"Torres, Gleyber",149,0.9141104294478528,122,"69.865365839",0.13422818791946312,0.45081967213114754,0.3691275167785235,0.16393442622950818,0.1342281879194631,"7.201345034",2,-3.1844630852683578,27,0.18120805369127516,71,0.47651006711409394
668901,"Vientos, Mark",230,0.9019607843137255,164,"69.790963304",0.0608695652173913,0.35365853658536583,0.25217391304347825,0.10365853658536585,0.07391304347826087,"7.484233957",8,-8.277879743606698,66,0.28695652173913044,78,0.3391304347826087
665926,"Giménez, Andrés",226,0.900398406374502,178,"69.590599779",0.07079646017699115,0.33707865168539325,0.26548672566371684,0.11235955056179775,0.08849557522123894,"7.04360323",1,-11.050675583039148,48,0.21238938053097345,84,0.37168141592920356
600869,"Candelario, Jeimer",163,0.8956043956043956,112,"69.482962515",0.10429447852760738,0.2857142857142857,0.19631901840490798,0.08035714285714286,0.05521472392638037,"8.081039141",7,-12.507290643248766,51,0.3128834355828221,51,0.3128834355828221
666158,"Lux, Gavin",199,0.9045454545454545,159,"69.449254774",0.04020100502512563,0.37735849056603776,0.3015075376884422,0.13836477987421383,0.11055276381909548,"7.41259206",4,-0.28144978904715456,40,0.20100502512562815,79,0.3969849246231156
621493,"Ward, Taylor",187,0.9166666666666666,150,"69.363530695",0.06417112299465241,0.38,0.3048128342245989,0.14666666666666667,0.11764705882352941,"7.246517326",4,-7.934728815557976,37,0.19786096256684493,75,0.40106951871657753
643217,"Benintendi, Andrew",159,0.8983050847457628,119,"69.358944403",0.03144654088050314,0.3697478991596639,0.27672955974842767,0.1092436974789916,0.08176100628930817,"7.196480189",3,-6.571436979015138,40,0.25157232704402516,60,0.37735849056603776
665828,"Cabrera, Oswaldo",160,0.9090909090909091,122,"69.332937125",0.01875,0.3770491803278688,0.2875,0.10655737704918032,0.08125,"7.314996625",0,-3.824646106648439,38,0.2375,62,0.3875
669701,"Smith, Josh",150,0.9036144578313253,121,"69.291044867",0.04666666666666667,0.3884297520661157,0.31333333333333335,0.11570247933884298,0.09333333333333334,"6.772326467",0,3.958060797458175,29,0.19333333333333333,60,0.4
683737,"Busch, Michael",202,0.9017857142857143,151,"69.284453366",0.05940594059405941,0.33112582781456956,0.24752475247524752,0.09933774834437085,0.07425742574257425,"7.064075743",5,-2.322842557847194,51,0.2524752475247525,68,0.33663366336633666
641680,"Heim, Jonah",179,0.895,141,"69.250867263",0.03910614525139665,0.40425531914893614,0.31843575418994413,0.1347517730496454,0.10614525139664804,"7.403542067",5,-3.608162338945935,38,0.2122905027932961,68,0.37988826815642457
669257,"Smith, Will",149,0.9030303030303031,117,"69.166762617",0.03355704697986578,0.37606837606837606,0.2953020134228188,0.1282051282051282,0.10067114093959731,"7.151764497",7,-0.7456239848837576,32,0.21476510067114093,60,0.40268456375838924
666149,"Fitzgerald, Tyler",151,0.8988095238095238,105,"69.164575762",0.026490066225165566,0.3047619047619048,0.2119205298013245,0.08571428571428572,0.059602649006622516,"7.267012781",2,-3.3558036924882426,46,0.304635761589404,49,0.32450331125827814
518692,"Freeman, Freddie",157,0.9075144508670521,119,"68.972212229",0.07006369426751592,0.48739495798319327,0.36942675159235666,0.16806722689075632,0.12738853503184713,"6.975780255",2,6.21690055794582,38,0.24203821656050956,68,0.43312101910828027
570482,"Urshela, Gio",162,0.9,118,"68.823643889",0.04320987654320989,0.3728813559322034,0.2716049382716049,0.0847457627118644,0.06172839506172839,"7.285900617",4,-3.881572873480657,44,0.2716049382716049,65,0.4012345679012346
666182,"Bichette, Bo",249,0.8989169675090253,199,"68.728604498",0.08835341365461849,0.39195979899497485,0.3132530120481928,0.1407035175879397,0.11244979919678715,"7.231772691",5,-7.26728510557953,50,0.20080321285140562,105,0.42168674698795183
668930,"Turang, Brice",241,0.8992537313432836,199,"68.719254855",0.09958506224066392,0.3768844221105528,0.3112033195020747,0.1306532663316583,0.1078838174273859,"6.669185311",8,0.49617772099543045,42,0.17427385892116182,91,0.3775933609958506
543760,"Semien, Marcus",228,0.8976377952755905,177,"68.635519035",0.061403508771929814,0.3333333333333333,0.25877192982456143,0.096045197740113,0.07456140350877193,"7.755752281",6,-14.595640390523206,51,0.2236842105263158,83,0.36403508771929827
670623,"Paredes, Isaac",211,0.8940677966101694,181,"68.575107299",0.08056872037914693,0.292817679558011,0.25118483412322273,0.09944751381215469,0.08530805687203792,"8.027815592",3,-2.416416422730381,30,0.14218009478672985,85,0.4028436018957346
808982,"Lee, Jung Hoo",221,0.8983739837398373,196,"68.554242534",0.0407239819004525,0.4030612244897959,0.3574660633484163,0.09693877551020408,0.08597285067873303,"7.685200543",3,0.3204925669593968,25,0.11312217194570136,97,0.43891402714932126
663538,"Hoerner, Nico",201,0.9013452914798207,182,"68.514691095",0.03980099502487562,0.4065934065934066,0.3681592039800995,0.0989010989010989,0.08955223880597014,"7.244676716",4,-7.736037395564443,19,0.0945273631840796,101,0.5024875621890548
680977,"Donovan, Brendan",212,0.8983050847457628,187,"68.491045236",0.033018867924528295,0.39572192513368987,0.3490566037735849,0.18181818181818182,0.16037735849056603,"6.772908443",1,0.8392771724852732,25,0.1179245283018868,103,0.4858490566037736
672695,"Perdomo, Geraldo",209,0.9008620689655172,187,"68.360062344",0.062200956937799035,0.40106951871657753,0.3588516746411483,0.11229946524064172,0.10047846889952153,"6.8677789",3,4.660777825591003,22,0.10526315789473684,101,0.48325358851674644
681082,"Stott, Bryson",190,0.8962264150943396,153,"68.359030789",0.042105263157894736,0.27450980392156865,0.22105263157894736,0.05228758169934641,0.042105263157894736,"7.137673895",6,-5.258847434725968,37,0.19473684210526315,77,0.4052631578947368
687363,"Scott II, Victor",177,0.8984771573604061,128,"68.35014226",0.04519774011299435,0.34375,0.24858757062146894,0.0703125,0.05084745762711865,"6.367637966",5,-4.402527575944853,49,0.2768361581920904,62,0.3502824858757062
514888,"Altuve, Jose",222,0.9061224489795918,177,"68.295646982",0.04504504504504505,0.3220338983050847,0.25675675675675674,0.0847457627118644,0.06756756756756757,"7.499681036",5,-5.394168805892334,45,0.20270270270270271,94,0.42342342342342343
676694,"Meyers, Jake",154,0.9005847953216374,122,"68.242888701",0.05844155844155845,0.3524590163934426,0.2792207792207792,0.13934426229508196,0.11038961038961038,"6.958143766",5,-0.03782473358254268,32,0.2077922077922078,61,0.3961038961038961
645277,"Albies, Ozzie",228,0.9011857707509882,186,"67.864199693",0.06140350877192984,0.3548387096774194,0.2894736842105263,0.07526881720430108,0.06140350877192982,"7.162258947",6,-6.338933329327769,42,0.18421052631578946,99,0.4342105263157895
670764,"Walls, Taylor",142,0.9044585987261147,112,"67.837145352",0.0352112676056338,0.3392857142857143,0.2676056338028169,0.0625,0.04929577464788732,"6.995423521",0,-7.188682470150446,30,0.2112676056338028,51,0.3591549295774648
694384,"Schanuel, Nolan",169,0.898936170212766,147,"67.790800059",0.0650887573964497,0.3877551020408163,0.33727810650887574,0.08163265306122448,0.07100591715976332,"6.651871243",5,-5.8153883922595755,22,0.1301775147928994,76,0.44970414201183434
686217,"Frelick, Sal",181,0.8960396039603961,160,"67.731424696",0.06629834254143648,0.375,0.3314917127071823,0.08125,0.0718232044198895,"6.904212486",4,-5.7379107672475875,21,0.11602209944751381,85,0.4696132596685083
605141,"Betts, Mookie",179,0.895,154,"67.47453933",0.03910614525139665,0.474025974025974,0.40782122905027934,0.1038961038961039,0.0893854748603352,"6.972362905",9,-1.0901996280752027,25,0.13966480446927373,100,0.5586592178770949
578428,"Iglesias, Jose",146,0.8957055214723927,122,"66.754481575",0.06164383561643836,0.2786885245901639,0.2328767123287671,0.04918032786885246,0.0410958904109589,"6.499043288",6,-1.9307810531831244,24,0.1643835616438356,61,0.4178082191780822
607732,"Stallings, Jacob",117,0.8863636363636364,78,"66.684285897",0,0.28205128205128205,0.18803418803418803,0.01282051282051282,0.008547008547008548,"7.232238462",8,-6.5905485096200715,39,0.3333333333333333,29,0.24786324786324787
656716,"McKinstry, Zach",219,0.9049586776859504,165,"66.638424612",0.009132420091324204,0.3333333333333333,0.2511415525114155,0.07878787878787878,0.0593607305936073,"6.612502648",3,-2.0389957801736798,54,0.2465753424657534,69,0.3150684931506849
669364,"Edwards, Xavier",227,0.8972332015810277,198,"66.552618767",0.008810572687224672,0.3383838383838384,0.29515418502202645,0.045454545454545456,0.039647577092511016,"6.403589824",2,-11.857458850693062,29,0.1277533039647577,99,0.43612334801762115
643396,"Kiner-Falefa, Isiah",148,0.896969696969697,124,"65.936748514",0.013513513513513513,0.3709677419354839,0.3108108108108108,0.10483870967741936,0.08783783783783784,"6.917925946",1,-0.14648451858482836,24,0.16216216216216217,65,0.4391891891891892
527038,"Flores, Wilmer",212,0.8983050847457628,167,"65.752353538",0.0047169811320754715,0.3532934131736527,0.2783018867924528,0.0718562874251497,0.05660377358490566,"6.937488962",7,-5.794512468902957,45,0.21226415094339623,77,0.3632075471698113
624428,"Frazier, Adam",178,0.8944723618090452,156,"65.490686966",0.016853932584269662,0.34615384615384615,0.30337078651685395,0.01282051282051282,0.011235955056179775,"6.973602135",3,-6.519109816202237,22,0.12359550561797752,79,0.4438202247191011
660688,"Ruiz, Keibert",186,0.9029126213592233,157,"65.426957796",0,0.43312101910828027,0.3655913978494624,0.08280254777070063,0.06989247311827956,"7.055456989",2,0.29814909917976307,29,0.15591397849462366,87,0.46774193548387094
571657,"Farmer, Kyle",145,0.8895705521472392,119,"65.405289517",0.013793103448275862,0.3697478991596639,0.30344827586206896,0.08403361344537816,0.06896551724137931,"6.734967034",4,-5.795578717019395,26,0.1793103448275862,64,0.4413793103448276
669397,"Allen, Nick",148,0.896969696969697,117,"64.453407568",0,0.3162393162393162,0.25,0.06837606837606838,0.05405405405405406,"6.311161081",3,-4.84071117059029,31,0.20945945945945946,51,0.34459459459459457
805779,"Wilson, Jacob",188,0.8995215311004785,169,"63.363089787",0.005319148936170213,0.44970414201183434,0.40425531914893614,0.01775147928994083,0.015957446808510637,"5.980368457",1,0.5777756101997803,19,0.10106382978723404,99,0.526595744680851
680757,"Kwan, Steven",183,0.8926829268292683,170,"63.122928579",0.027322404371584702,0.38823529411764707,0.36065573770491804,0.03529411764705882,0.03278688524590164,"6.354964153",2,1.4414548883534564,13,0.07103825136612021,83,0.453551912568306
650333,"Arraez, Luis",187,0.8990384615384616,179,"62.752737487",0.0053475935828877,0.45251396648044695,0.43315508021390375,0.027932960893854747,0.026737967914438502,"6.010465775",1,-4.229475660691493,8,0.0427807486631016,93,0.49732620320855614