player_id,name,year,exit_velocity,launch_angle,barrel_pct,hard_hit_pct,xwOBA,xBA,xSLG
543760,"Semien, Marcus",2022,87.3,19.9,6.8,34.9,0.306,0.243,0.394
518692,"Freeman, Freddie",2022,91.3,13.6,9.9,47.8,0.403,0.313,0.538
607208,"Turner, Trea",2022,88.9,10.2,7.6,41.6,0.335,0.276,0.432
596019,"Lindor, Francisco",2022,89.3,13.8,8.3,41.3,0.331,0.254,0.427
665489,"Guerrero Jr., Vladimir",2022,92.8,4.3,11.2,50.4,0.351,0.281,0.464
621566,"Olson, Matt",2022,92.9,16.1,13.6,50.9,0.347,0.248,0.467
666182,"Bichette, Bo",2022,91.9,8.5,9.6,50.3,0.334,0.278,0.444
592450,"Judge, Aaron",2022,95.9,15.0,26.5,61.8,0.463,0.305,0.706
621020,"Swanson, Dansby",2022,90.2,15.7,10.8,46.3,0.337,0.257,0.461
663586,"Riley, Austin",2022,92.5,12.9,15.7,50.8,0.378,0.271,0.531
624413,"Alonso, Pete",2022,89.8,18.2,12.3,44.8,0.353,0.262,0.486
608070,"Ramírez, José",2022,87.7,20.7,6.6,36.9,0.32,0.255,0.408
630105,"Cronenworth, Jake",2022,87.6,18.2,5.6,34.1,0.303,0.221,0.356
547989,"Abreu, José",2022,92.2,8.0,9.5,51.8,0.373,0.296,0.486
607043,"Nimmo, Brandon",2022,89.4,6.1,7.0,39.8,0.338,0.256,0.403
656555,"Hoskins, Rhys",2022,90.1,18.1,11.1,44.3,0.338,0.239,0.445
656775,"Mullins, Cedric",2022,88.8,17.4,4.9,37.3,0.288,0.232,0.349
592885,"Yelich, Christian",2022,91.5,3.6,8.2,48.6,0.338,0.258,0.402
642708,"Rosario, Amed",2022,88.4,5.0,4.5,38.3,0.31,0.276,0.396
656941,"Schwarber, Kyle",2022,93.3,19.2,20.1,54.4,0.375,0.237,0.535
572233,"Walker, Christian",2022,90.0,17.0,11.5,44.0,0.359,0.257,0.484
660271,"Ohtani, Shohei",2022,92.9,12.1,16.8,49.8,0.383,0.275,0.549
665742,"Soto, Juan",2022,91.0,9.1,12.4,47.4,0.401,0.266,0.501
608369,"Seager, Corey",2022,91.1,13.6,10.5,45.5,0.372,0.283,0.51
595777,"Profar, Jurickson",2022,87.5,12.9,4.0,34.3,0.315,0.251,0.359
666969,"García, Adolis",2022,92.1,13.2,12.9,47.4,0.322,0.244,0.447
608324,"Bregman, Alex",2022,88.9,19.5,7.3,37.8,0.35,0.257,0.416
502671,"Goldschmidt, Paul",2022,90.8,15.7,11.6,47.4,0.367,0.261,0.482
623993,"Santander, Anthony",2022,90.1,21.4,11.6,43.3,0.352,0.257,0.471
605137,"Bell, Josh",2022,88.9,8.4,7.2,40.8,0.349,0.273,0.424
663993,"Lowe, Nathaniel",2022,90.2,8.2,9.9,44.8,0.344,0.275,0.459
668227,"Arozarena, Randy",2022,89.9,8.8,7.9,41.0,0.301,0.234,0.382
657077,"Verdugo, Alex",2022,89.1,8.4,6.0,38.2,0.329,0.278,0.428
592518,"Machado, Manny",2022,91.5,16.0,9.8,49.0,0.338,0.264,0.447
664023,"Happ, Ian",2022,89.7,10.9,6.5,40.4,0.306,0.239,0.379
605141,"Betts, Mookie",2022,90.5,18.6,9.7,44.9,0.344,0.254,0.465
680757,"Kwan, Steven",2022,85.1,11.8,1.4,20.8,0.312,0.268,0.341
677951,"Witt Jr., Bobby",2022,89.7,16.8,8.7,38.6,0.313,0.252,0.427
543068,"Cron, C.J.",2022,88.7,14.2,10.8,42.3,0.32,0.243,0.435
664761,"Bohm, Alec",2022,90.2,10.4,6.8,43.0,0.333,0.29,0.436
593428,"Bogaerts, Xander",2022,88.1,10.2,6.5,39.5,0.323,0.259,0.383
669242,"Edman, Tommy",2022,88.6,8.7,6.2,37.8,0.308,0.258,0.38
553993,"Suárez, Eugenio",2022,89.8,19.9,14.8,43.5,0.339,0.22,0.454
502054,"Pham, Tommy",2022,92.2,7.7,7.9,48.5,0.311,0.238,0.383
656305,"Chapman, Matt",2022,92.2,19.0,12.9,51.2,0.341,0.234,0.44
571448,"Arenado, Nolan",2022,88.8,21.7,8.2,38.9,0.339,0.266,0.445
514917,"Hernández, César",2022,84.8,9.3,2.4,29.7,0.29,0.248,0.329
642715,"Adames, Willy",2022,88.9,18.9,13.0,43.6,0.323,0.238,0.451
668804,"Reynolds, Bryan",2022,90.2,12.0,7.9,42.9,0.329,0.249,0.416
646240,"Devers, Rafael",2022,93.1,11.3,11.5,50.9,0.361,0.282,0.497
664034,"France, Ty",2022,87.6,10.0,5.4,36.8,0.321,0.262,0.397
669221,"Murphy, Sean",2022,88.7,11.5,10.5,41.4,0.344,0.255,0.439
663624,"Mountcastle, Ryan",2022,91.3,15.9,15.0,46.3,0.362,0.277,0.509
663656,"Tucker, Kyle",2022,90.0,19.0,10.2,42.4,0.353,0.262,0.482
514888,"Altuve, Jose",2022,85.9,16.1,7.7,29.7,0.354,0.269,0.44
650333,"Arraez, Luis",2022,88.9,12.9,3.6,30.2,0.333,0.288,0.408
641487,"Crawford, J.P.",2022,85.1,8.9,2.0,29.7,0.315,0.255,0.337
624428,"Frazier, Adam",2022,85.1,13.6,1.5,24.5,0.297,0.262,0.339
527038,"Flores, Wilmer",2022,87.8,20.7,6.3,35.4,0.31,0.233,0.37
642133,"Tellez, Rowdy",2022,91.1,15.3,12.9,46.0,0.349,0.252,0.479
641857,"McMahon, Ryan",2022,91.7,10.8,10.4,46.5,0.33,0.247,0.423
502110,"Martinez, J.D.",2022,89.1,14.1,12.5,41.7,0.349,0.26,0.471
664702,"Straw, Myles",2022,87.0,9.8,0.7,26.5,0.275,0.236,0.301
662139,"Varsho, Daulton",2022,87.7,14.9,10.2,35.6,0.298,0.213,0.389
621043,"Correa, Carlos",2022,89.9,11.6,11.4,44.7,0.36,0.272,0.48
595879,"Báez, Javier",2022,87.9,9.6,8.0,38.0,0.281,0.226,0.374
643446,"McNeil, Jeff",2022,86.9,12.8,2.7,30.2,0.323,0.28,0.389
641820,"Mancini, Trey",2022,89.5,12.7,9.8,40.4,0.327,0.245,0.41
493329,"Gurriel, Yuli",2022,88.2,14.6,1.9,35.6,0.271,0.24,0.319
543807,"Springer, George",2022,88.7,13.9,8.4,42.3,0.342,0.265,0.437
571657,"Farmer, Kyle",2022,85.5,12.7,4.4,33.8,0.311,0.258,0.38
673490,"Kim, Ha-Seong",2022,86.7,16.1,4.2,32.4,0.309,0.25,0.368
669720,"Hays, Austin",2022,87.7,11.3,5.2,37.7,0.298,0.24,0.372
663898,"Rodgers, Brendan",2022,90.0,4.6,7.2,45.9,0.326,0.265,0.404
457705,"McCutchen, Andrew",2022,89.1,13.2,8.6,40.0,0.325,0.252,0.406
669257,"Smith, Will",2022,89.9,18.4,10.3,43.0,0.349,0.255,0.47
462101,"Andrus, Elvis",2022,87.9,11.9,4.5,34.8,0.293,0.245,0.36
453568,"Blackmon, Charlie",2022,86.2,12.4,4.4,30.6,0.301,0.256,0.376
650402,"Torres, Gleyber",2022,90.4,17.5,10.7,45.3,0.319,0.244,0.441
572228,"Voit, Luke",2022,89.8,18.4,14.7,44.3,0.322,0.222,0.434
592273,"Drury, Brandon",2022,89.1,13.8,10.4,42.2,0.316,0.242,0.42
571970,"Muncy, Max",2022,90.3,20.9,13.4,45.6,0.339,0.208,0.417
621493,"Ward, Taylor",2022,90.0,15.8,12.4,42.9,0.361,0.268,0.474
592663,"Realmuto, J.T.",2022,90.3,13.1,11.3,47.2,0.351,0.275,0.463
670541,"Alvarez, Yordan",2022,95.2,12.3,21.0,59.8,0.46,0.326,0.669
663647,"Hayes, Ke'Bryan",2022,91.0,5.2,3.9,46.8,0.3,0.246,0.35
677594,"Rodríguez, Julio",2022,92.0,10.1,13.1,50.7,0.337,0.254,0.46
643393,"Kemp, Tony",2022,84.4,15.0,1.6,14.9,0.267,0.219,0.291
606466,"Marte, Ketel",2022,90.1,13.5,6.1,41.9,0.315,0.251,0.377
650490,"Díaz, Yandy",2022,92.2,7.7,4.8,49.0,0.365,0.288,0.424
665161,"Peña, Jeremy",2022,88.1,8.7,9.7,36.7,0.304,0.252,0.402
592206,"Castellanos, Nick",2022,87.5,14.6,6.6,35.1,0.302,0.25,0.395
573262,"Yastrzemski, Mike",2022,89.9,19.9,11.1,42.5,0.314,0.22,0.392
665926,"Giménez, Andrés",2022,87.8,11.7,6.2,37.8,0.326,0.257,0.4
664913,"Brown, Seth",2022,89.2,15.8,13.0,41.4,0.338,0.251,0.454
683734,"Vaughn, Andrew",2022,90.8,7.5,7.9,48.6,0.319,0.255,0.415
570482,"Urshela, Gio",2022,88.9,11.8,7.0,37.6,0.323,0.268,0.416
641355,"Bellinger, Cody",2022,89.4,20.3,8.3,38.1,0.278,0.213,0.354
593160,"Merrifield, Whit",2022,87.1,15.1,4.2,31.1,0.288,0.24,0.356
519203,"Rizzo, Anthony",2022,89.4,19.3,10.9,40.8,0.349,0.238,0.453
657041,"Thomas, Lane",2022,86.4,12.5,6.5,34.5,0.286,0.222,0.357
608385,"Winker, Jesse",2022,87.7,16.8,7.6,34.3,0.345,0.249,0.403
518626,"Donaldson, Josh",2022,90.7,12.0,9.8,43.3,0.299,0.215,0.37
500871,"Escobar, Eduardo",2022,88.3,20.6,9.4,37.6,0.314,0.243,0.427
592192,"Canha, Mark",2022,87.7,10.9,4.9,36.6,0.323,0.245,0.362
642731,"Estrada, Thairo",2022,86.2,8.1,4.4,31.1,0.299,0.246,0.352
672386,"Kirk, Alejandro",2022,90.5,8.1,6.7,45.4,0.351,0.278,0.431
518934,"LeMahieu, DJ",2022,89.2,3.0,5.3,41.1,0.344,0.274,0.403
545341,"Grichuk, Randal",2022,90.0,8.7,6.8,43.6,0.281,0.229,0.37
606192,"Hernández, Teoscar",2022,92.6,11.6,15.0,53.3,0.351,0.265,0.501
669004,"Melendez, MJ",2022,90.7,15.1,10.4,43.5,0.332,0.237,0.41
621550,"Wisdom, Patrick",2022,90.7,21.0,14.2,46.3,0.295,0.188,0.38
622761,"Mateo, Jorge",2022,86.8,14.8,6.0,32.7,0.272,0.222,0.344
660670,"Acuña Jr., Ronald",2022,91.2,10.8,12.8,49.7,0.366,0.272,0.486
457759,"Turner, Justin",2022,89.5,18.4,8.0,40.6,0.339,0.267,0.427
643396,"Kiner-Falefa, Isiah",2022,86.2,4.3,1.2,30.1,0.29,0.262,0.333
572041,"Pollock, AJ",2022,88.8,11.6,9.4,42.0,0.317,0.258,0.419
663757,"Grisham, Trent",2022,88.3,15.1,8.1,35.5,0.296,0.205,0.358
592669,"Renfroe, Hunter",2022,90.5,17.7,10.9,43.6,0.323,0.24,0.438
643217,"Benintendi, Andrew",2022,89.2,12.6,5.1,38.7,0.334,0.273,0.407
663538,"Hoerner, Nico",2022,87.2,10.6,2.6,33.5,0.301,0.27,0.367
650859,"Rengifo, Luis",2022,86.9,9.9,5.4,33.6,0.296,0.254,0.392
668942,"Rojas, Josh",2022,88.8,11.9,4.5,36.1,0.305,0.239,0.361
570731,"Schoop, Jonathan",2022,87.0,9.7,4.8,38.6,0.268,0.228,0.338
500743,"Rojas, Miguel",2022,86.1,10.1,1.9,27.1,0.289,0.26,0.343
542583,"Aguilar, Jesús",2022,87.7,19.1,6.9,36.0,0.298,0.24,0.393
542303,"Ozuna, Marcell",2022,89.4,16.5,13.1,43.8,0.334,0.253,0.475
443558,"Cruz, Nelson",2022,90.9,7.2,9.3,46.1,0.32,0.241,0.399
467793,"Santana, Carlos",2022,90.7,15.4,9.3,44.9,0.352,0.253,0.438
516782,"Marte, Starling",2022,86.8,7.5,6.8,33.9,0.336,0.276,0.428
641531,"Dozier, Hunter",2022,88.5,13.1,7.7,38.5,0.301,0.241,0.387
672695,"Perdomo, Geraldo",2022,85.0,12.1,2.0,25.1,0.269,0.213,0.282
545361,"Trout, Mike",2022,91.6,24.6,19.7,51.0,0.395,0.265,0.583
647304,"Naylor, Josh",2022,89.4,10.3,8.6,42.8,0.327,0.257,0.43
543939,"Wong, Kolten",2022,87.0,14.0,5.4,35.5,0.305,0.235,0.353
666971,"Gurriel Jr., Lourdes",2022,90.6,10.9,3.8,45.7,0.321,0.273,0.4
669289,"Espinal, Santiago",2022,86.1,14.1,3.4,31.7,0.298,0.263,0.348
444482,"Peralta, David",2022,90.3,15.1,8.5,44.4,0.313,0.249,0.399
666185,"Carlson, Dylan",2022,86.1,12.9,4.4,27.2,0.301,0.234,0.355
575929,"Contreras, Willson",2022,90.4,8.5,10.5,48.6,0.364,0.256,0.463
669304,"Miranda, Jose",2022,89.3,13.8,6.2,42.4,0.317,0.253,0.41
670032,"Lopez, Nicky",2022,84.9,4.9,1.6,22.9,0.273,0.243,0.312
543257,"Grossman, Robbie",2022,86.7,21.1,3.5,30.4,0.281,0.205,0.305
521692,"Perez, Salvador",2022,91.4,17.8,11.2,49.0,0.323,0.242,0.47
614177,"Reyes, Franmil",2022,92.0,9.9,11.3,45.8,0.275,0.203,0.358
680911,"Miller, Owen",2022,85.8,10.1,3.5,31.2,0.291,0.246,0.341
649966,"Urías, Luis",2022,87.3,18.0,8.3,35.3,0.326,0.238,0.398
596059,"Odor, Rougned",2022,87.8,21.5,6.5,33.3,0.277,0.207,0.339
596142,"Sánchez, Gary",2022,90.5,14.0,13.5,49.3,0.321,0.22,0.439
666158,"Lux, Gavin",2022,88.0,6.8,6.1,39.8,0.314,0.247,0.372
668939,"Rutschman, Adley",2022,87.9,15.6,7.9,36.8,0.342,0.248,0.411
643265,"Cooper, Garrett",2022,89.6,8.8,10.7,43.7,0.341,0.26,0.436
680977,"Donovan, Brendan",2022,87.7,6.0,3.4,37.7,0.339,0.266,0.365
656582,"Joe, Connor",2022,85.3,10.6,4.5,33.8,0.311,0.241,0.34
600869,"Candelario, Jeimer",2022,87.2,13.5,8.3,34.6,0.292,0.228,0.379
578428,"Iglesias, Jose",2022,83.8,6.0,0.5,27.7,0.281,0.266,0.323
670764,"Walls, Taylor",2022,86.3,16.6,6.2,28.5,0.268,0.193,0.301
681082,"Stott, Bryson",2022,88.1,13.1,4.4,36.8,0.284,0.237,0.34
596129,"Vogelbach, Daniel",2022,89.4,15.8,10.6,39.9,0.35,0.236,0.428
669016,"Marsh, Brandon",2022,89.2,10.9,7.4,38.2,0.287,0.226,0.372
543063,"Crawford, Brandon",2022,88.1,12.3,6.7,35.1,0.287,0.217,0.339
572191,"Taylor, Michael A.",2022,86.3,12.1,6.8,32.9,0.289,0.223,0.358
621035,"Taylor, Chris",2022,87.4,20.4,10.2,38.0,0.277,0.195,0.34
665120,"Walsh, Jared",2022,90.1,10.7,9.5,42.5,0.28,0.221,0.368
543305,"Hicks, Aaron",2022,87.9,14.8,5.8,33.1,0.303,0.218,0.336
519317,"Stanton, Giancarlo",2022,95.0,10.8,19.3,52.3,0.35,0.24,0.474
641680,"Heim, Jonah",2022,89.3,17.0,6.9,39.9,0.291,0.224,0.361
673548,"Suzuki, Seiya",2022,89.6,11.2,11.0,41.3,0.326,0.247,0.418
596146,"Kepler, Max",2022,89.1,11.2,7.1,39.9,0.338,0.266,0.412
593871,"Polanco, Jorge",2022,89.0,21.7,10.2,38.7,0.358,0.248,0.451
602104,"Urías, Ramón",2022,89.4,11.0,9.6,46.5,0.32,0.25,0.42
624503,"Gordon, Nick",2022,90.6,12.5,9.4,44.7,0.333,0.261,0.464
605612,"Castro, Harold",2022,87.0,11.4,6.1,33.3,0.316,0.275,0.423
671739,"Harris II, Michael",2022,89.5,4.5,10.1,45.1,0.335,0.268,0.46
623912,"Ramírez, Harold",2022,88.5,4.8,4.8,41.2,0.31,0.275,0.382
660162,"Moncada, Yoán",2022,88.7,15.7,9.8,37.5,0.289,0.22,0.374
606132,"Tapia, Raimel",2022,87.6,4.0,5.1,38.0,0.286,0.256,0.366
660688,"Ruiz, Keibert",2022,88.0,14.9,3.7,32.3,0.328,0.277,0.403
592626,"Pederson, Joc",2022,93.2,14.8,15.1,52.1,0.364,0.263,0.499
408234,"Cabrera, Miguel",2022,89.9,5.0,4.7,38.2,0.275,0.234,0.331
663697,"India, Jonathan",2022,85.1,14.5,4.8,28.8,0.301,0.238,0.353
547180,"Harper, Bryce",2022,92.1,11.8,12.8,47.9,0.38,0.288,0.527
656308,"Chavis, Michael",2022,85.4,11.1,7.5,38.7,0.261,0.217,0.336
543877,"Vázquez, Christian",2022,87.9,10.7,5.1,36.4,0.298,0.258,0.372
518595,"d'Arnaud, Travis",2022,88.5,11.8,8.5,38.9,0.313,0.247,0.412
666624,"Morel, Christopher",2022,89.6,9.1,13.4,40.3,0.321,0.229,0.431
543281,"Harrison, Josh",2022,87.4,14.7,3.8,32.3,0.284,0.233,0.335
594777,"Calhoun, Kole",2022,90.8,15.4,9.8,48.2,0.294,0.223,0.382
592325,"Gamel, Ben",2022,88.8,11.3,6.2,37.6,0.316,0.244,0.372
669222,"Senzel, Nick",2022,87.2,11.7,3.3,33.9,0.299,0.249,0.355
543333,"Hosmer, Eric",2022,88.4,3.1,5.7,39.7,0.311,0.258,0.379
596847,"Choi, Ji Man",2022,92.2,10.6,11.9,47.5,0.337,0.236,0.413
682985,"Greene, Riley",2022,89.5,2.8,9.3,45.2,0.316,0.246,0.388
663728,"Raleigh, Cal",2022,90.9,22.5,15.4,43.5,0.324,0.216,0.461
677950,"Thomas, Alek",2022,87.4,2.6,3.8,34.6,0.277,0.238,0.335
608336,"Gallo, Joey",2022,89.6,23.8,17.6,50.5,0.294,0.167,0.371
657757,"Sheets, Gavin",2022,88.6,14.8,6.5,36.1,0.283,0.224,0.359
602074,"Daza, Yonathan",2022,84.8,4.6,1.9,25.0,0.308,0.282,0.351
645302,"Robles, Victor",2022,84.6,15.8,3.2,23.8,0.244,0.203,0.28
676801,"McCormick, Chas",2022,88.1,12.8,10.2,39.0,0.325,0.232,0.414
621438,"Taylor, Tyrone",2022,88.0,16.9,9.9,37.6,0.307,0.236,0.412
542932,"Berti, Jon",2022,88.0,4.7,5.9,37.0,0.306,0.236,0.358
679529,"Torkelson, Spencer",2022,90.5,15.0,8.4,41.8,0.302,0.223,0.374
571771,"Hernández, Enrique",2022,87.8,17.3,5.8,35.0,0.297,0.238,0.357
673357,"Robert Jr., Luis",2022,89.3,10.0,8.9,42.8,0.331,0.276,0.454
543592,"Nola, Austin",2022,89.4,12.0,2.4,39.7,0.305,0.256,0.351
596115,"Story, Trevor",2022,88.9,17.8,11.3,40.6,0.301,0.221,0.397
650489,"Castro, Willi",2022,84.8,13.9,3.5,31.4,0.286,0.257,0.335
596748,"Franco, Maikel",2022,87.0,11.5,4.7,34.4,0.272,0.243,0.351
573131,"Ruf, Darin",2022,89.2,14.8,8.6,40.5,0.31,0.219,0.371
516416,"Segura, Jean",2022,87.6,4.3,4.4,38.4,0.303,0.254,0.363
607732,"Stallings, Jacob",2022,86.7,12.9,3.4,32.3,0.274,0.221,0.312
657656,"Laureano, Ramón",2022,88.7,14.9,11.6,38.4,0.307,0.219,0.402
605119,"Anderson, Brian",2022,88.7,7.7,9.7,42.0,0.309,0.229,0.379
641933,"O'Neill, Tyler",2022,89.8,13.6,11.3,43.3,0.328,0.237,0.419
660757,"Gonzalez, Oscar",2022,88.6,5.4,7.3,40.1,0.32,0.279,0.422
621439,"Buxton, Byron",2022,92.9,21.4,16.4,50.2,0.358,0.242,0.509
553869,"Díaz, Elias",2022,88.4,11.1,5.9,39.3,0.274,0.222,0.339
670623,"Paredes, Isaac",2022,87.4,15.8,6.4,38.7,0.297,0.21,0.348
541645,"García, Avisaíl",2022,88.7,2.8,6.4,44.8,0.281,0.23,0.366
640461,"Pinder, Chad",2022,87.5,9.7,6.5,40.7,0.28,0.235,0.38
455117,"Maldonado, Martín",2022,88.4,14.7,8.1,40.2,0.253,0.181,0.325
671277,"García Jr., Luis",2022,87.3,5.5,7.5,36.7,0.305,0.26,0.409
458015,"Votto, Joey",2022,89.7,14.2,11.1,41.3,0.322,0.218,0.39
661388,"Contreras, William",2022,90.4,6.1,13.4,46.6,0.347,0.243,0.479
518735,"Grandal, Yasmani",2022,90.0,12.1,4.8,40.0,0.29,0.217,0.319
545358,"Stassi, Max",2022,88.6,9.5,9.4,39.5,0.266,0.18,0.325
669261,"Suwinski, Jack",2022,88.3,14.3,12.2,40.4,0.307,0.204,0.393
542364,"Ortega, Rafael",2022,87.2,17.1,4.8,33.7,0.307,0.241,0.346
621563,"Wendle, Joey",2022,87.5,3.0,1.7,36.2,0.276,0.25,0.331
598265,"Bradley Jr., Jackie",2022,87.6,7.4,4.8,37.2,0.268,0.223,0.33
605204,"Davis, J.D.",2022,92.4,12.3,16.2,56.1,0.351,0.242,0.469
622534,"Margot, Manuel",2022,89.5,10.2,3.7,37.9,0.299,0.264,0.357
665833,"Cruz, Oneil",2022,91.9,8.3,15.5,46.1,0.301,0.219,0.406
656896,"Rivera, Emmanuel",2022,90.4,9.8,9.3,38.3,0.31,0.238,0.41
663837,"Vierling, Matt",2022,91.2,12.0,5.0,47.1,0.324,0.275,0.404
650559,"De La Cruz, Bryan",2022,90.8,9.8,11.9,47.3,0.355,0.287,0.498
608348,"Kelly, Carson",2022,87.7,14.7,5.2,36.8,0.288,0.225,0.345
664983,"McCarthy, Jake",2022,87.4,8.0,4.8,33.7,0.298,0.249,0.357
666915,"Dalbec, Bobby",2022,90.3,15.2,11.8,45.8,0.296,0.216,0.379
624431,"Trevino, Jose",2022,87.9,13.0,5.1,35.0,0.281,0.239,0.364
647351,"Toro, Abraham",2022,87.0,16.7,6.8,29.7,0.284,0.226,0.372
405395,"Pujols, Albert",2022,91.2,16.4,12.0,47.3,0.365,0.262,0.499
606992,"Haase, Eric",2022,87.7,17.0,8.7,42.4,0.302,0.239,0.399
641313,"Anderson, Tim",2022,88.2,3.3,5.8,41.2,0.336,0.297,0.432
670768,"González, Luis",2022,86.9,10.9,2.9,32.0,0.268,0.215,0.306
623205,"Velazquez, Andrew",2022,88.0,8.2,6.6,34.0,0.246,0.202,0.312
665482,"Celestino, Gilberto",2022,87.3,-1.9,2.5,34.3,0.27,0.219,0.294
663457,"Nootbaar, Lars",2022,91.7,10.7,12.1,46.0,0.346,0.247,0.414
677551,"Franco, Wander",2022,87.3,8.2,4.6,35.8,0.331,0.285,0.408
660821,"Sánchez, Jesús",2022,89.5,11.0,9.9,40.5,0.295,0.222,0.379
665750,"Taveras, Leody",2022,89.3,12.0,4.3,36.1,0.267,0.226,0.318
543760,"Semien, Marcus",2023,88.4,19.1,6.5,37.0,0.333,0.262,0.427
660670,"Acuña Jr., Ronald",2023,94.7,7.4,15.3,55.2,0.46,0.357,0.66
518692,"Freeman, Freddie",2023,90.0,15.2,11.1,42.2,0.408,0.323,0.565
663993,"Lowe, Nathaniel",2023,89.8,7.2,6.5,41.6,0.339,0.263,0.406
608324,"Bregman, Alex",2023,88.6,17.6,5.4,38.2,0.351,0.266,0.43
656941,"Schwarber, Kyle",2023,92.4,19.0,16.4,48.8,0.364,0.22,0.485
621566,"Olson, Matt",2023,93.7,16.1,16.4,55.5,0.392,0.264,0.558
680757,"Kwan, Steven",2023,86.0,10.7,1.1,18.8,0.317,0.282,0.358
663586,"Riley, Austin",2023,92.3,13.5,13.9,49.2,0.365,0.273,0.516
677594,"Rodríguez, Julio",2023,92.7,8.5,11.9,52.0,0.345,0.274,0.475
665742,"Soto, Juan",2023,93.2,6.7,13.0,55.3,0.408,0.284,0.538
677951,"Witt Jr., Bobby",2023,90.7,15.7,11.5,45.6,0.369,0.294,0.533
553993,"Suárez, Eugenio",2023,90.3,18.9,13.2,43.0,0.324,0.223,0.419
605141,"Betts, Mookie",2023,92.4,20.6,12.4,48.5,0.407,0.294,0.563
664023,"Happ, Ian",2023,89.9,13.0,9.0,39.0,0.35,0.254,0.427
607208,"Turner, Trea",2023,89.9,13.0,8.4,42.2,0.33,0.266,0.447
608070,"Ramírez, José",2023,90.0,18.0,7.0,40.4,0.359,0.299,0.48
663538,"Hoerner, Nico",2023,86.6,10.5,1.8,33.4,0.311,0.273,0.356
668939,"Rutschman, Adley",2023,88.4,12.6,7.5,38.6,0.373,0.292,0.469
596019,"Lindor, Francisco",2023,91.2,19.2,10.4,43.9,0.346,0.255,0.457
502671,"Goldschmidt, Paul",2023,91.3,12.8,12.0,50.8,0.367,0.271,0.491
679529,"Torkelson, Spencer",2023,91.8,17.1,14.1,50.9,0.349,0.251,0.484
543807,"Springer, George",2023,88.3,12.0,7.7,39.9,0.332,0.264,0.422
607043,"Nimmo, Brandon",2023,91.8,12.2,9.5,47.9,0.352,0.261,0.453
665489,"Guerrero Jr., Vladimir",2023,92.1,10.5,11.1,49.2,0.378,0.299,0.503
657041,"Thomas, Lane",2023,88.5,10.8,9.6,40.7,0.319,0.255,0.436
606192,"Hernández, Teoscar",2023,91.3,12.3,13.8,49.4,0.336,0.258,0.476
663656,"Tucker, Kyle",2023,90.2,14.8,10.6,45.9,0.386,0.292,0.53
650402,"Torres, Gleyber",2023,89.7,15.1,7.9,40.3,0.362,0.282,0.478
592206,"Castellanos, Nick",2023,88.9,14.4,10.3,43.2,0.32,0.258,0.443
664034,"France, Ty",2023,87.5,13.7,6.8,38.6,0.342,0.27,0.42
593428,"Bogaerts, Xander",2023,87.6,7.9,6.1,34.6,0.318,0.255,0.401
668715,"Steer, Spencer",2023,88.7,15.3,6.7,37.1,0.333,0.252,0.417
572233,"Walker, Christian",2023,88.0,15.8,11.4,40.4,0.339,0.251,0.46
645277,"Albies, Ozzie",2023,88.7,16.6,8.2,39.0,0.34,0.266,0.467
624413,"Alonso, Pete",2023,89.5,18.2,14.7,40.1,0.368,0.246,0.527
608841,"Meneses, Joey",2023,89.4,9.4,5.4,41.7,0.288,0.247,0.361
623993,"Santander, Anthony",2023,90.6,20.2,10.2,46.0,0.319,0.237,0.426
646240,"Devers, Rafael",2023,93.1,12.4,12.7,55.1,0.38,0.282,0.539
668227,"Arozarena, Randy",2023,91.7,11.3,12.3,48.4,0.351,0.243,0.435
606466,"Marte, Ketel",2023,91.1,10.7,8.0,42.8,0.342,0.266,0.427
643446,"McNeil, Jeff",2023,86.0,14.4,1.3,27.4,0.294,0.251,0.34
682998,"Carroll, Corbin",2023,90.0,11.0,7.6,40.9,0.344,0.268,0.441
681082,"Stott, Bryson",2023,88.1,10.1,4.7,35.2,0.309,0.267,0.386
668804,"Reynolds, Bryan",2023,90.9,10.9,11.1,47.3,0.36,0.28,0.49
621020,"Swanson, Dansby",2023,89.3,13.0,10.9,39.7,0.345,0.255,0.458
641487,"Crawford, J.P.",2023,88.3,15.1,4.8,36.2,0.34,0.26,0.384
642715,"Adames, Willy",2023,87.4,18.2,12.4,36.5,0.335,0.24,0.436
665487,"Tatis Jr., Fernando",2023,91.9,11.0,11.0,49.3,0.364,0.281,0.508
665161,"Peña, Jeremy",2023,88.0,5.5,4.0,35.8,0.31,0.265,0.376
592885,"Yelich, Christian",2023,91.7,3.5,9.2,50.1,0.362,0.284,0.46
666969,"García, Adolis",2023,92.1,15.7,16.1,49.7,0.366,0.25,0.526
641857,"McMahon, Ryan",2023,90.8,9.7,11.4,44.2,0.335,0.245,0.445
650559,"De La Cruz, Bryan",2023,89.9,11.8,8.8,42.5,0.331,0.273,0.445
673490,"Kim, Ha-Seong",2023,86.2,13.6,4.2,26.7,0.313,0.245,0.359
457759,"Turner, Justin",2023,89.5,16.5,5.7,39.0,0.336,0.26,0.444
683002,"Henderson, Gunnar",2023,92.0,11.4,11.4,52.0,0.346,0.261,0.472
643217,"Benintendi, Andrew",2023,86.6,14.5,2.9,27.0,0.31,0.27,0.375
467793,"Santana, Carlos",2023,88.8,12.8,6.7,36.4,0.308,0.24,0.378
605137,"Bell, Josh",2023,90.1,9.3,10.1,43.0,0.345,0.263,0.457
650333,"Arraez, Luis",2023,88.3,11.5,3.5,25.7,0.354,0.329,0.458
665926,"Giménez, Andrés",2023,84.8,13.1,5.5,27.0,0.297,0.245,0.367
683734,"Vaughn, Andrew",2023,90.6,11.2,8.4,46.5,0.319,0.252,0.427
678662,"Tovar, Ezequiel",2023,88.0,12.6,8.1,36.2,0.291,0.248,0.386
682928,"Abrams, CJ",2023,87.4,13.5,6.9,35.9,0.304,0.247,0.399
571448,"Arenado, Nolan",2023,88.8,16.9,7.3,38.1,0.32,0.266,0.435
664761,"Bohm, Alec",2023,89.4,11.1,5.7,41.7,0.343,0.29,0.453
661388,"Contreras, William",2023,91.3,4.7,9.4,48.7,0.335,0.255,0.433
669004,"Melendez, MJ",2023,93.2,16.9,11.4,49.6,0.325,0.235,0.432
657077,"Verdugo, Alex",2023,89.2,8.8,5.0,37.6,0.331,0.278,0.417
592518,"Machado, Manny",2023,91.0,15.0,10.5,45.9,0.332,0.254,0.458
683011,"Volpe, Anthony",2023,88.7,14.2,9.0,43.0,0.308,0.233,0.396
666182,"Bichette, Bo",2023,90.2,6.2,9.6,44.9,0.363,0.312,0.502
650490,"Díaz, Yandy",2023,93.4,5.7,9.5,54.0,0.383,0.305,0.487
660271,"Ohtani, Shohei",2023,94.4,13.2,19.6,54.2,0.427,0.295,0.638
673357,"Robert Jr., Luis",2023,89.1,16.1,15.4,42.3,0.35,0.262,0.518
547989,"Abreu, José",2023,89.0,10.8,8.7,41.6,0.314,0.248,0.409
666971,"Gurriel Jr., Lourdes",2023,89.7,10.6,8.4,46.0,0.324,0.264,0.439
542303,"Ozuna, Marcell",2023,91.8,15.6,16.6,49.0,0.393,0.28,0.577
593160,"Merrifield, Whit",2023,85.1,14.4,2.4,24.3,0.276,0.242,0.335
642086,"Smith, Dominic",2023,86.3,12.8,6.6,30.8,0.32,0.256,0.397
673548,"Suzuki, Seiya",2023,91.4,10.8,10.5,48.0,0.357,0.283,0.469
656305,"Chapman, Matt",2023,93.4,18.5,17.1,56.4,0.337,0.23,0.457
662139,"Varsho, Daulton",2023,87.8,20.5,7.3,36.1,0.302,0.232,0.394
521692,"Perez, Salvador",2023,90.1,15.6,8.8,44.0,0.325,0.266,0.46
624585,"Soler, Jorge",2023,91.3,17.8,15.0,48.0,0.374,0.262,0.532
807799,"Yoshida, Masataka",2023,89.0,3.9,6.6,40.6,0.325,0.273,0.425
621043,"Correa, Carlos",2023,90.4,10.6,9.6,45.9,0.327,0.25,0.417
571970,"Muncy, Max",2023,91.2,21.7,14.6,46.6,0.364,0.235,0.504
600869,"Candelario, Jeimer",2023,88.3,14.1,7.9,36.4,0.318,0.236,0.407
670623,"Paredes, Isaac",2023,86.9,22.2,5.9,28.5,0.315,0.23,0.369
663728,"Raleigh, Cal",2023,89.5,20.3,12.6,41.0,0.33,0.233,0.466
681546,"Outman, James",2023,87.9,15.7,11.1,39.9,0.325,0.228,0.396
669720,"Hays, Austin",2023,89.4,10.4,8.9,40.1,0.309,0.242,0.42
518934,"LeMahieu, DJ",2023,89.6,3.8,5.9,43.0,0.322,0.255,0.393
660688,"Ruiz, Keibert",2023,87.4,15.3,5.8,31.9,0.322,0.274,0.425
670770,"Friedl, TJ",2023,86.7,16.1,3.2,27.6,0.289,0.24,0.321
641355,"Bellinger, Cody",2023,87.9,17.2,6.1,31.4,0.327,0.268,0.434
663757,"Grisham, Trent",2023,90.3,18.3,11.9,40.0,0.322,0.218,0.396
665750,"Taveras, Leody",2023,90.1,10.2,7.2,43.1,0.319,0.27,0.407
669257,"Smith, Will",2023,89.3,15.6,6.7,41.6,0.35,0.258,0.431
592669,"Renfroe, Hunter",2023,88.3,15.0,6.1,39.1,0.289,0.225,0.366
595879,"Báez, Javier",2023,88.0,9.4,5.2,39.7,0.279,0.234,0.355
547180,"Harper, Bryce",2023,91.8,9.1,15.2,46.8,0.399,0.29,0.53
605204,"Davis, J.D.",2023,91.1,7.8,9.6,45.2,0.323,0.244,0.411
642708,"Rosario, Amed",2023,88.3,7.6,3.4,39.4,0.305,0.271,0.38
592663,"Realmuto, J.T.",2023,89.8,16.7,11.2,43.3,0.334,0.254,0.462
669394,"Burger, Jake",2023,91.9,12.3,16.7,49.6,0.359,0.27,0.512
671739,"Harris II, Michael",2023,90.9,7.6,10.0,48.5,0.357,0.304,0.49
608369,"Seager, Corey",2023,93.3,13.0,15.2,53.2,0.412,0.314,0.612
669261,"Suwinski, Jack",2023,90.5,22.4,15.7,43.4,0.346,0.218,0.461
606115,"Arcia, Orlando",2023,88.2,5.4,6.9,41.1,0.307,0.247,0.398
663837,"Vierling, Matt",2023,89.1,9.1,4.6,42.8,0.322,0.266,0.396
642731,"Estrada, Thairo",2023,85.9,10.8,4.8,33.7,0.292,0.248,0.371
663697,"India, Jonathan",2023,89.5,15.2,7.7,38.6,0.339,0.252,0.424
669242,"Edman, Tommy",2023,89.1,7.5,5.0,38.8,0.312,0.262,0.39
553869,"Díaz, Elias",2023,88.1,12.7,6.2,38.4,0.296,0.245,0.376
667670,"Rooker, Brent",2023,91.6,17.6,15.6,49.5,0.343,0.237,0.478
663647,"Hayes, Ke'Bryan",2023,92.2,13.2,7.4,48.3,0.321,0.27,0.436
641313,"Anderson, Tim",2023,87.8,2.0,2.9,39.4,0.279,0.252,0.335
592273,"Drury, Brandon",2023,89.9,11.8,11.0,46.3,0.318,0.252,0.44
630105,"Cronenworth, Jake",2023,87.4,15.2,4.4,33.2,0.305,0.238,0.37
595777,"Profar, Jurickson",2023,86.5,14.8,4.0,31.8,0.306,0.247,0.349
664774,"Wade Jr., LaMonte",2023,88.4,17.4,9.1,39.8,0.36,0.261,0.45
656716,"McKinstry, Zach",2023,87.2,17.8,7.6,33.5,0.312,0.247,0.395
664702,"Straw, Myles",2023,86.3,9.4,0.5,23.3,0.272,0.239,0.3
663886,"Stephenson, Tyler",2023,89.4,8.9,7.6,43.5,0.314,0.243,0.397
592696,"Rosario, Eddie",2023,88.6,14.5,9.5,35.4,0.317,0.254,0.436
673962,"Jung, Josh",2023,91.8,15.0,11.9,47.4,0.337,0.26,0.482
672580,"Garcia, Maikel",2023,91.8,6.1,3.9,50.6,0.319,0.274,0.393
571771,"Hernández, Enrique",2023,87.8,17.0,4.5,33.7,0.272,0.224,0.337
592192,"Canha, Mark",2023,87.9,13.1,4.7,36.7,0.323,0.248,0.381
663457,"Nootbaar, Lars",2023,89.1,7.2,8.8,37.8,0.356,0.265,0.436
671213,"Casas, Triston",2023,91.1,15.7,13.1,46.6,0.37,0.253,0.5
641680,"Heim, Jonah",2023,89.2,17.3,8.0,38.5,0.324,0.256,0.435
666139,"Lowe, Josh",2023,89.1,14.3,11.0,39.7,0.341,0.276,0.48
665923,"Ruiz, Esteury",2023,82.7,9.9,2.5,20.0,0.271,0.234,0.316
670541,"Alvarez, Yordan",2023,93.3,17.1,18.0,52.2,0.435,0.297,0.623
676116,"Noda, Ryan",2023,91.2,16.0,13.0,45.0,0.334,0.213,0.392
647304,"Naylor, Josh",2023,89.1,12.3,8.2,41.2,0.346,0.293,0.478
672695,"Perdomo, Geraldo",2023,85.7,16.4,0.9,19.5,0.275,0.204,0.272
575929,"Contreras, Willson",2023,91.3,10.1,12.2,46.9,0.373,0.279,0.49
643289,"Dubón, Mauricio",2023,87.0,9.5,4.5,29.5,0.303,0.275,0.389
596146,"Kepler, Max",2023,91.9,14.7,12.2,47.9,0.362,0.271,0.503
677551,"Franco, Wander",2023,89.4,8.9,7.7,43.0,0.364,0.3,0.484
669127,"Langeliers, Shea",2023,90.6,19.6,13.3,44.5,0.297,0.211,0.423
650391,"Jiménez, Eloy",2023,90.9,5.7,9.3,46.8,0.314,0.258,0.426
671277,"García Jr., Luis",2023,88.3,4.6,5.8,36.5,0.308,0.263,0.404
502054,"Pham, Tommy",2023,92.3,5.7,10.7,49.1,0.361,0.284,0.475
502110,"Martinez, J.D.",2023,93.4,16.9,17.1,55.1,0.369,0.271,0.553
457705,"McCutchen, Andrew",2023,89.6,12.3,6.8,44.6,0.353,0.257,0.409
669016,"Marsh, Brandon",2023,91.3,12.4,9.1,48.7,0.322,0.234,0.391
656582,"Joe, Connor",2023,88.9,16.7,8.2,41.8,0.329,0.248,0.404
545341,"Grichuk, Randal",2023,89.6,14.0,7.1,45.3,0.323,0.263,0.425
663624,"Mountcastle, Ryan",2023,91.4,12.0,12.1,44.9,0.356,0.273,0.503
624424,"Conforto, Michael",2023,88.9,11.9,7.9,39.8,0.33,0.245,0.416
691023,"Walker, Jordan",2023,89.4,10.2,7.5,42.5,0.332,0.267,0.426
669357,"Gorman, Nolan",2023,91.0,22.2,16.5,48.5,0.354,0.237,0.498
686681,"Massey, Michael",2023,88.6,19.7,7.8,39.5,0.319,0.26,0.432
681481,"Carpenter, Kerry",2023,90.1,13.1,10.2,44.0,0.336,0.258,0.46
592450,"Judge, Aaron",2023,97.6,20.4,27.5,64.2,0.461,0.289,0.712
676801,"McCormick, Chas",2023,88.0,14.6,11.1,38.8,0.341,0.246,0.457
643265,"Cooper, Garrett",2023,89.0,13.3,10.3,41.1,0.318,0.252,0.43
624428,"Frazier, Adam",2023,85.7,15.2,3.1,23.4,0.301,0.261,0.361
686823,"Brennan, Will",2023,85.7,9.4,2.4,29.2,0.305,0.286,0.378
656775,"Mullins, Cedric",2023,88.9,21.6,6.5,37.1,0.291,0.227,0.356
527038,"Flores, Wilmer",2023,86.4,22.0,7.8,32.5,0.333,0.256,0.437
456781,"Solano, Donovan",2023,90.2,13.1,6.1,43.7,0.351,0.284,0.429
668930,"Turang, Brice",2023,85.5,12.6,2.9,27.0,0.274,0.224,0.321
650859,"Rengifo, Luis",2023,89.1,11.0,7.6,36.9,0.323,0.246,0.403
669743,"Call, Alex",2023,86.8,17.0,5.3,30.1,0.296,0.214,0.335
677649,"Duran, Ezequiel",2023,90.1,14.0,8.7,43.9,0.319,0.256,0.434
669221,"Murphy, Sean",2023,91.5,13.1,16.1,45.8,0.395,0.274,0.537
664040,"Lowe, Brandon",2023,91.4,16.0,10.7,47.5,0.338,0.232,0.446
623912,"Ramírez, Harold",2023,89.1,6.1,4.6,40.7,0.319,0.271,0.413
686668,"Doyle, Brenton",2023,88.3,11.7,8.7,35.0,0.258,0.2,0.344
607054,"Peterson, Jace",2023,85.7,14.4,4.7,28.1,0.287,0.216,0.332
666624,"Morel, Christopher",2023,92.1,12.4,15.9,50.0,0.34,0.244,0.485
682829,"De La Cruz, Elly",2023,91.2,3.6,8.5,45.9,0.303,0.24,0.391
592626,"Pederson, Joc",2023,92.1,15.2,12.1,52.2,0.364,0.262,0.479
666134,"Jones, Nolan",2023,90.1,9.8,15.7,41.3,0.362,0.249,0.499
542932,"Berti, Jon",2023,85.4,2.4,4.7,31.3,0.324,0.281,0.411
682626,"Alvarez, Francisco",2023,90.1,12.5,12.8,45.1,0.305,0.209,0.422
500743,"Rojas, Miguel",2023,87.3,11.0,2.9,32.0,0.284,0.248,0.333
672386,"Kirk, Alejandro",2023,87.6,6.3,5.2,38.3,0.32,0.256,0.386
444482,"Peralta, David",2023,89.3,8.2,4.9,44.2,0.309,0.274,0.4
519203,"Rizzo, Anthony",2023,90.0,17.8,6.9,37.5,0.319,0.246,0.393
543257,"Grossman, Robbie",2023,88.2,20.2,6.8,37.3,0.306,0.224,0.35
643393,"Kemp, Tony",2023,86.7,10.0,1.2,20.4,0.297,0.241,0.321
543228,"Gomes, Yan",2023,87.4,15.1,7.8,36.4,0.321,0.262,0.409
672284,"Kelenic, Jarred",2023,90.9,10.1,9.5,45.5,0.333,0.264,0.435
682985,"Greene, Riley",2023,91.6,6.6,11.3,47.3,0.365,0.289,0.499
519317,"Stanton, Giancarlo",2023,93.3,12.5,15.7,48.4,0.325,0.219,0.462
453568,"Blackmon, Charlie",2023,86.4,18.1,4.9,31.5,0.339,0.269,0.406
514888,"Altuve, Jose",2023,86.0,11.4,8.3,31.4,0.331,0.245,0.419
686894,"Wiemer, Joey",2023,89.3,10.5,9.1,39.1,0.289,0.209,0.37
621493,"Ward, Taylor",2023,90.7,14.3,8.2,43.9,0.338,0.254,0.43
650489,"Castro, Willi",2023,86.5,15.1,6.8,31.8,0.301,0.231,0.361
666397,"Julien, Edouard",2023,89.5,8.0,13.1,44.9,0.345,0.233,0.427
595281,"Kiermaier, Kevin",2023,86.7,5.6,3.5,33.2,0.3,0.259,0.354
455117,"Maldonado, Martín",2023,88.4,18.1,8.5,40.0,0.267,0.187,0.357
462101,"Andrus, Elvis",2023,87.5,5.5,2.6,31.0,0.267,0.231,0.313
670042,"Raley, Luke",2023,91.1,17.3,12.9,45.7,0.327,0.225,0.437
518735,"Grandal, Yasmani",2023,87.9,10.8,4.7,34.4,0.282,0.222,0.332
474832,"Belt, Brandon",2023,88.7,19.8,15.0,40.0,0.336,0.212,0.437
657656,"Laureano, Ramón",2023,88.2,12.9,9.7,35.9,0.307,0.232,0.379
680574,"McLain, Matt",2023,89.3,13.8,10.8,42.4,0.332,0.256,0.436
657136,"Wong, Connor",2023,89.1,15.5,9.1,37.8,0.274,0.211,0.361
677950,"Thomas, Alek",2023,88.9,2.2,5.1,41.6,0.291,0.251,0.373
660821,"Sánchez, Jesús",2023,90.4,5.6,12.2,46.3,0.35,0.265,0.473
643565,"Tauchman, Mike",2023,88.4,8.1,5.5,40.0,0.345,0.267,0.4
657557,"DeJong, Paul",2023,85.5,16.8,6.7,33.2,0.278,0.219,0.361
602104,"Urías, Ramón",2023,89.2,7.9,6.9,38.1,0.281,0.226,0.336
683146,"Baty, Brett",2023,89.5,6.6,7.7,44.3,0.3,0.237,0.382
572191,"Taylor, Michael A.",2023,88.1,13.4,13.5,38.0,0.306,0.222,0.433
519058,"Moustakas, Mike",2023,89.0,18.0,5.7,37.9,0.27,0.217,0.352
658668,"Olivares, Edward",2023,87.3,12.2,7.9,37.7,0.338,0.27,0.456
621035,"Taylor, Chris",2023,86.2,21.5,9.8,37.4,0.312,0.222,0.402
628451,"Ibáñez, Andy",2023,89.1,12.9,9.0,42.9,0.331,0.271,0.446
665862,"Chisholm Jr., Jazz",2023,90.3,10.7,12.2,41.8,0.307,0.224,0.431
573262,"Yastrzemski, Mike",2023,90.0,19.6,9.8,44.0,0.325,0.232,0.419
641584,"Fraley, Jake",2023,84.6,16.5,6.4,30.8,0.328,0.261,0.402
672515,"Moreno, Gabriel",2023,89.8,4.2,4.8,41.8,0.314,0.266,0.387
664913,"Brown, Seth",2023,90.5,16.4,12.2,46.5,0.322,0.237,0.451
673237,"Diaz, Yainer",2023,90.3,11.5,12.2,43.9,0.357,0.285,0.539
518792,"Heyward, Jason",2023,87.7,15.4,8.1,37.4,0.319,0.25,0.405
680977,"Donovan, Brendan",2023,89.3,10.6,5.8,40.6,0.354,0.287,0.438
678225,"Bae, Ji Hwan",2023,88.1,1.1,2.0,36.8,0.264,0.222,0.293
408234,"Cabrera, Miguel",2023,89.1,7.4,4.2,37.6,0.301,0.247,0.363
571657,"Farmer, Kyle",2023,86.4,13.2,6.7,32.9,0.313,0.252,0.405
656811,"O'Hearn, Ryan",2023,91.9,12.0,10.1,51.5,0.324,0.264,0.464
668670,"Rogers, Jake",2023,90.4,14.7,12.0,45.6,0.321,0.227,0.449
642350,"Siri, Jose",2023,88.4,14.4,13.2,37.7,0.298,0.212,0.442
680776,"Duran, Jarren",2023,89.9,10.7,5.3,46.3,0.319,0.268,0.401
545361,"Trout, Mike",2023,91.9,19.3,16.0,51.9,0.389,0.275,0.523
605119,"Anderson, Brian",2023,87.6,9.9,10.3,37.1,0.316,0.231,0.391
643396,"Kiner-Falefa, Isiah",2023,88.8,7.2,3.1,39.2,0.295,0.254,0.348
660162,"Moncada, Yoán",2023,89.4,12.3,10.1,39.0,0.314,0.257,0.426
668731,"Baddoo, Akil",2023,88.1,10.8,6.2,36.8,0.301,0.218,0.371
543877,"Vázquez, Christian",2023,86.7,10.0,3.2,32.8,0.265,0.223,0.319
594807,"Duvall, Adam",2023,88.8,28.9,13.0,39.1,0.304,0.21,0.436
672275,"Bailey, Patrick",2023,88.7,10.2,10.0,38.4,0.313,0.249,0.42
642133,"Tellez, Rowdy",2023,89.9,15.2,8.7,40.4,0.306,0.238,0.374
668942,"Rojas, Josh",2023,87.1,13.0,3.8,28.9,0.278,0.23,0.331
622761,"Mateo, Jorge",2023,88.4,10.4,5.3,38.5,0.289,0.24,0.371
670764,"Walls, Taylor",2023,86.7,19.1,3.3,28.8,0.274,0.2,0.295
621439,"Buxton, Byron",2023,91.5,20.1,14.6,45.7,0.316,0.212,0.425
676475,"Burleson, Alec",2023,89.9,12.4,5.9,41.0,0.337,0.277,0.449
672356,"Arias, Gabriel",2023,91.1,3.7,9.9,46.3,0.304,0.23,0.407
668472,"Pratto, Nick",2023,87.5,13.4,8.1,41.9,0.278,0.209,0.339
666165,"Sabol, Blake",2023,89.1,16.1,11.2,38.6,0.28,0.199,0.369
649557,"Díaz, Aledmys",2023,87.8,11.3,2.8,33.5,0.271,0.235,0.327
664056,"Bader, Harrison",2023,85.9,17.8,5.3,31.7,0.288,0.234,0.375
657757,"Sheets, Gavin",2023,88.1,16.9,5.2,32.5,0.267,0.21,0.339
641598,"Garver, Mitch",2023,90.0,20.5,12.6,42.1,0.365,0.255,0.493
593871,"Polanco, Jorge",2023,88.4,21.6,13.8,40.6,0.348,0.25,0.481
676694,"Meyers, Jake",2023,86.0,13.9,6.3,27.9,0.283,0.213,0.357
516782,"Marte, Starling",2023,88.2,6.3,5.6,39.5,0.312,0.261,0.402
680776,"Duran, Jarren",2024,90.8,9.5,9.3,43.9,0.338,0.271,0.448
660271,"Ohtani, Shohei",2024,95.8,16.2,21.5,60.1,0.442,0.314,0.66
683002,"Henderson, Gunnar",2024,92.8,9.2,11.2,53.9,0.374,0.283,0.492
543760,"Semien, Marcus",2024,87.4,17.0,6.6,35.2,0.313,0.251,0.391
665742,"Soto, Juan",2024,94.2,10.7,19.7,57.0,0.462,0.316,0.646
677951,"Witt Jr., Bobby",2024,92.7,15.1,14.3,48.3,0.407,0.315,0.577
592450,"Judge, Aaron",2024,96.2,19.0,26.9,61.0,0.479,0.31,0.723
665489,"Guerrero Jr., Vladimir",2024,93.8,7.4,13.7,54.9,0.408,0.321,0.567
682829,"De La Cruz, Elly",2024,91.8,9.7,12.7,45.7,0.328,0.24,0.428
678662,"Tovar, Ezequiel",2024,88.8,18.9,9.0,39.8,0.289,0.233,0.401
624413,"Alonso, Pete",2024,89.8,14.4,13.2,46.4,0.343,0.242,0.461
656941,"Schwarber, Kyle",2024,93.6,15.0,15.6,55.5,0.38,0.256,0.512
668804,"Reynolds, Bryan",2024,89.9,9.4,9.6,45.4,0.35,0.27,0.463
596019,"Lindor, Francisco",2024,90.9,17.0,13.6,47.4,0.379,0.283,0.528
683011,"Volpe, Anthony",2024,87.7,8.4,3.9,35.4,0.278,0.238,0.332
642715,"Adames, Willy",2024,88.6,20.6,12.0,40.7,0.339,0.243,0.461
542303,"Ozuna, Marcell",2024,92.1,14.4,15.5,53.4,0.402,0.286,0.572
621566,"Olson, Matt",2024,91.5,16.1,12.4,47.4,0.341,0.247,0.448
682998,"Carroll, Corbin",2024,89.3,12.0,7.2,40.8,0.324,0.241,0.391
514888,"Altuve, Jose",2024,86.5,14.1,6.5,31.2,0.316,0.262,0.399
608070,"Ramírez, José",2024,89.2,19.6,8.6,39.7,0.329,0.259,0.453
661388,"Contreras, William",2024,92.8,6.1,10.0,49.5,0.358,0.269,0.471
650333,"Arraez, Luis",2024,86.3,13.7,1.6,23.7,0.325,0.31,0.4
595777,"Profar, Jurickson",2024,91.1,13.4,7.2,44.4,0.364,0.282,0.444
650402,"Torres, Gleyber",2024,88.6,15.0,6.3,35.4,0.307,0.24,0.368
623993,"Santander, Anthony",2024,89.8,22.7,11.7,41.6,0.324,0.228,0.445
607043,"Nimmo, Brandon",2024,91.9,11.2,9.1,47.4,0.335,0.244,0.408
621493,"Ward, Taylor",2024,90.9,17.4,13.0,42.4,0.344,0.251,0.458
592206,"Castellanos, Nick",2024,88.4,15.2,8.1,38.2,0.333,0.271,0.441
664023,"Happ, Ian",2024,90.8,15.1,11.7,45.2,0.345,0.243,0.446
668715,"Steer, Spencer",2024,88.0,17.4,6.4,39.9,0.315,0.235,0.379
630105,"Cronenworth, Jake",2024,88.6,13.9,7.8,36.7,0.335,0.259,0.42
502671,"Goldschmidt, Paul",2024,91.2,13.1,10.7,49.6,0.329,0.255,0.45
680977,"Donovan, Brendan",2024,88.7,13.2,5.5,37.6,0.335,0.277,0.419
606192,"Hernández, Teoscar",2024,90.6,10.3,14.9,46.8,0.346,0.25,0.486
521692,"Perez, Salvador",2024,91.1,19.0,12.2,44.8,0.36,0.275,0.522
665161,"Peña, Jeremy",2024,88.2,7.5,5.4,38.8,0.31,0.263,0.394
668227,"Arozarena, Randy",2024,90.4,13.2,8.3,43.5,0.324,0.219,0.381
656305,"Chapman, Matt",2024,93.2,16.2,12.6,48.3,0.341,0.25,0.451
641857,"McMahon, Ryan",2024,92.1,10.0,10.9,49.7,0.325,0.243,0.414
592518,"Machado, Manny",2024,92.5,12.7,11.0,48.8,0.338,0.272,0.461
668709,"Bleday, JJ",2024,88.5,18.6,8.3,36.2,0.316,0.24,0.397
670623,"Paredes, Isaac",2024,85.0,22.4,4.5,27.1,0.304,0.22,0.337
663538,"Hoerner, Nico",2024,85.7,10.4,1.2,27.6,0.313,0.28,0.353
553993,"Suárez, Eugenio",2024,89.1,19.5,11.3,42.4,0.33,0.247,0.447
518692,"Freeman, Freddie",2024,89.4,14.3,9.1,41.8,0.367,0.278,0.466
668939,"Rutschman, Adley",2024,88.2,18.8,6.1,36.6,0.315,0.255,0.393
663697,"India, Jonathan",2024,87.2,13.5,7.7,36.5,0.352,0.266,0.412
691026,"Winn, Masyn",2024,87.0,13.2,3.7,32.7,0.293,0.256,0.358
666969,"García, Adolis",2024,91.0,15.0,12.5,48.2,0.306,0.227,0.413
571448,"Arenado, Nolan",2024,86.3,16.9,3.2,31.6,0.296,0.255,0.356
650489,"Castro, Willi",2024,87.4,13.6,7.0,36.8,0.32,0.244,0.381
670541,"Alvarez, Yordan",2024,93.1,18.3,14.5,49.7,0.411,0.303,0.595
608324,"Bregman, Alex",2024,89.1,18.2,6.4,40.5,0.319,0.257,0.417
665926,"Giménez, Andrés",2024,86.3,8.7,2.8,28.5,0.296,0.262,0.355
647304,"Naylor, Josh",2024,89.9,11.1,8.4,40.9,0.335,0.257,0.443
547180,"Harper, Bryce",2024,91.1,13.5,10.6,48.2,0.357,0.267,0.474
663728,"Raleigh, Cal",2024,91.0,21.2,15.4,48.1,0.346,0.233,0.476
672580,"Garcia, Maikel",2024,90.4,6.4,3.7,42.8,0.3,0.26,0.366
650559,"De La Cruz, Bryan",2024,89.6,13.1,9.3,41.3,0.302,0.242,0.419
650490,"Díaz, Yandy",2024,92.2,5.0,7.6,48.7,0.336,0.277,0.423
665862,"Chisholm Jr., Jazz",2024,89.7,11.4,9.7,41.1,0.316,0.24,0.415
657077,"Verdugo, Alex",2024,88.3,9.9,5.6,34.9,0.302,0.25,0.373
673237,"Diaz, Yainer",2024,90.2,8.9,7.6,47.5,0.339,0.299,0.458
683734,"Vaughn, Andrew",2024,90.3,16.6,9.3,43.3,0.319,0.244,0.44
668930,"Turang, Brice",2024,87.0,6.1,2.4,29.7,0.297,0.261,0.34
543807,"Springer, George",2024,87.5,9.4,9.3,37.4,0.322,0.244,0.402
667670,"Rooker, Brent",2024,91.9,18.9,16.6,49.6,0.38,0.266,0.557
677594,"Rodríguez, Julio",2024,91.7,10.5,10.2,48.4,0.344,0.275,0.463
666624,"Morel, Christopher",2024,89.2,14.2,10.2,40.4,0.316,0.225,0.399
694384,"Schanuel, Nolan",2024,86.1,10.3,3.5,25.4,0.318,0.254,0.355
664761,"Bohm, Alec",2024,90.4,10.1,6.8,45.6,0.342,0.288,0.444
605137,"Bell, Josh",2024,88.9,10.5,7.6,40.1,0.31,0.239,0.396
686668,"Doyle, Brenton",2024,89.2,13.2,10.5,41.4,0.329,0.254,0.436
687263,"Neto, Zach",2024,88.5,12.3,8.4,38.8,0.317,0.236,0.414
606115,"Arcia, Orlando",2024,88.2,8.6,5.3,37.8,0.261,0.206,0.323
682928,"Abrams, CJ",2024,88.2,15.1,6.9,40.7,0.319,0.247,0.409
646240,"Devers, Rafael",2024,93.2,11.6,13.0,52.6,0.364,0.272,0.509
665833,"Cruz, Oneil",2024,95.5,9.8,15.7,54.9,0.34,0.263,0.461
676475,"Burleson, Alec",2024,89.7,13.6,6.5,41.7,0.329,0.273,0.435
467793,"Santana, Carlos",2024,89.2,16.1,7.3,39.9,0.33,0.246,0.415
621020,"Swanson, Dansby",2024,89.4,10.4,9.2,42.7,0.321,0.244,0.416
701538,"Merrill, Jackson",2024,90.4,14.6,11.3,43.9,0.369,0.3,0.531
669701,"Smith, Josh",2024,87.8,15.4,3.7,37.1,0.304,0.242,0.352
673548,"Suzuki, Seiya",2024,91.7,16.2,11.5,49.2,0.346,0.255,0.453
682985,"Greene, Riley",2024,91.3,12.2,13.4,47.1,0.353,0.253,0.477
606466,"Marte, Ketel",2024,94.0,9.4,12.3,53.8,0.392,0.294,0.538
669394,"Burger, Jake",2024,91.3,13.0,12.3,46.8,0.338,0.256,0.476
624585,"Soler, Jorge",2024,90.5,17.9,12.6,44.1,0.346,0.244,0.447
694192,"Chourio, Jackson",2024,89.7,7.6,7.8,44.9,0.328,0.274,0.43
678882,"Rafaela, Ceddanne",2024,86.6,14.9,7.5,36.9,0.273,0.229,0.368
681082,"Stott, Bryson",2024,87.0,14.0,3.6,30.8,0.306,0.254,0.363
641355,"Bellinger, Cody",2024,87.8,17.4,6.3,32.9,0.301,0.242,0.391
663837,"Vierling, Matt",2024,89.8,11.7,7.5,40.9,0.309,0.256,0.393
683737,"Busch, Michael",2024,89.9,17.2,11.2,39.9,0.319,0.217,0.418
663993,"Lowe, Nathaniel",2024,88.9,7.7,5.8,40.0,0.328,0.252,0.38
681297,"Cowser, Colton",2024,90.5,13.0,13.6,46.1,0.326,0.23,0.437
694671,"Langford, Wyatt",2024,89.6,16.6,9.3,43.4,0.331,0.257,0.427
690993,"Keith, Colt",2024,87.8,11.3,5.6,35.3,0.311,0.266,0.393
686469,"Pasquantino, Vinnie",2024,91.0,14.6,7.1,46.5,0.331,0.266,0.438
666971,"Gurriel Jr., Lourdes",2024,88.4,15.7,6.7,40.0,0.319,0.267,0.421
572233,"Walker, Christian",2024,91.2,16.6,13.3,48.0,0.351,0.246,0.457
680869,"Gelof, Zack",2024,89.2,14.2,8.8,37.2,0.271,0.199,0.347
669257,"Smith, Will",2024,89.4,18.7,10.8,42.0,0.331,0.24,0.443
680757,"Kwan, Steven",2024,86.3,14.9,2.6,23.7,0.333,0.284,0.385
607208,"Turner, Trea",2024,89.1,11.5,6.9,40.7,0.318,0.264,0.419
457759,"Turner, Justin",2024,87.1,17.8,4.6,32.5,0.328,0.252,0.383
663898,"Rodgers, Brendan",2024,89.3,4.9,5.6,44.1,0.295,0.248,0.377
660821,"Sánchez, Jesús",2024,92.5,7.7,12.2,51.3,0.343,0.264,0.468
664034,"France, Ty",2024,88.7,12.9,7.3,40.0,0.303,0.228,0.387
669127,"Langeliers, Shea",2024,91.3,16.3,12.8,44.0,0.328,0.241,0.456
608369,"Seager, Corey",2024,92.1,13.5,15.2,50.7,0.39,0.289,0.561
665750,"Taveras, Leody",2024,89.0,14.7,5.9,35.5,0.295,0.24,0.368
657041,"Thomas, Lane",2024,88.8,17.0,7.4,40.6,0.307,0.242,0.377
671277,"García Jr., Luis",2024,89.1,8.2,8.0,41.7,0.331,0.278,0.452
686217,"Frelick, Sal",2024,83.4,9.7,0.8,19.5,0.278,0.246,0.304
643217,"Benintendi, Andrew",2024,88.0,16.1,6.3,34.4,0.303,0.243,0.389
681351,"O'Hoppe, Logan",2024,90.4,15.3,12.0,46.3,0.331,0.251,0.454
696285,"Young, Jacob",2024,85.8,4.0,1.6,28.9,0.286,0.253,0.317
671218,"Ramos, Heliot",2024,91.5,10.4,14.5,47.5,0.338,0.25,0.481
656555,"Hoskins, Rhys",2024,88.7,20.8,12.7,42.2,0.301,0.202,0.387
605141,"Betts, Mookie",2024,89.9,21.4,6.0,39.5,0.356,0.282,0.447
457705,"McCutchen, Andrew",2024,88.5,14.3,12.0,36.9,0.327,0.227,0.421
663886,"Stephenson, Tyler",2024,90.2,10.9,9.1,43.9,0.322,0.241,0.403
662139,"Varsho, Daulton",2024,86.1,24.4,6.2,34.0,0.261,0.186,0.316
676694,"Meyers, Jake",2024,88.2,14.4,6.8,37.0,0.304,0.235,0.382
687401,"Ortiz, Joey",2024,87.8,9.9,4.6,38.4,0.305,0.234,0.343
608385,"Winker, Jesse",2024,88.6,14.0,7.6,37.4,0.329,0.245,0.384
663624,"Mountcastle, Ryan",2024,90.8,10.4,8.8,45.2,0.332,0.272,0.445
657757,"Sheets, Gavin",2024,87.8,13.5,5.7,35.3,0.309,0.251,0.38
656775,"Mullins, Cedric",2024,87.1,21.5,4.9,33.4,0.291,0.227,0.355
453568,"Blackmon, Charlie",2024,84.8,16.3,5.2,27.2,0.306,0.249,0.365
643396,"Kiner-Falefa, Isiah",2024,86.1,9.1,2.3,29.7,0.283,0.251,0.346
502110,"Martinez, J.D.",2024,91.0,14.4,14.9,46.1,0.351,0.256,0.472
664983,"McCarthy, Jake",2024,84.5,9.1,2.7,24.5,0.311,0.265,0.359
656811,"O'Hearn, Ryan",2024,89.6,12.0,6.9,40.1,0.351,0.278,0.461
641680,"Heim, Jonah",2024,88.5,14.5,5.9,36.4,0.277,0.228,0.356
624424,"Conforto, Michael",2024,90.2,14.8,11.8,46.0,0.35,0.257,0.479
657136,"Wong, Connor",2024,86.5,12.9,6.3,34.5,0.288,0.231,0.355
666158,"Lux, Gavin",2024,88.3,9.1,6.0,41.1,0.318,0.259,0.386
660688,"Ruiz, Keibert",2024,85.4,19.8,3.2,25.6,0.279,0.251,0.35
676609,"Caballero, José",2024,83.7,15.9,5.1,25.2,0.267,0.217,0.315
657557,"DeJong, Paul",2024,87.8,20.0,10.2,41.5,0.291,0.218,0.395
502054,"Pham, Tommy",2024,90.4,11.0,7.2,42.7,0.319,0.263,0.407
669016,"Marsh, Brandon",2024,91.6,13.8,10.0,47.4,0.324,0.236,0.406
668942,"Rojas, Josh",2024,88.2,15.5,5.7,38.2,0.293,0.223,0.35
573262,"Yastrzemski, Mike",2024,90.4,19.1,10.5,41.0,0.301,0.219,0.397
641933,"O'Neill, Tyler",2024,90.9,20.2,17.3,48.8,0.339,0.213,0.48
643446,"McNeil, Jeff",2024,87.0,14.9,3.1,31.1,0.288,0.235,0.336
673490,"Kim, Ha-Seong",2024,87.9,15.1,4.8,35.4,0.313,0.245,0.352
671739,"Harris II, Michael",2024,90.5,7.5,10.0,47.0,0.344,0.284,0.461
663586,"Riley, Austin",2024,93.3,15.9,14.9,53.4,0.361,0.267,0.505
593871,"Polanco, Jorge",2024,88.3,17.8,8.9,37.4,0.309,0.226,0.399
680777,"Jeffers, Ryan",2024,86.9,16.2,8.3,33.8,0.304,0.227,0.386
600869,"Candelario, Jeimer",2024,86.9,12.4,8.2,34.5,0.28,0.221,0.364
593428,"Bogaerts, Xander",2024,88.1,10.9,5.1,33.2,0.305,0.262,0.382
592192,"Canha, Mark",2024,88.4,9.6,3.3,37.4,0.288,0.212,0.306
570482,"Urshela, Gio",2024,86.4,10.5,4.9,28.4,0.302,0.264,0.389
680474,"Schuemann, Max",2024,89.0,16.6,5.6,37.4,0.296,0.222,0.338
519317,"Stanton, Giancarlo",2024,94.6,14.7,20.7,55.3,0.352,0.249,0.509
669911,"Toglia, Michael",2024,92.1,15.1,17.3,50.2,0.358,0.244,0.503
670042,"Raley, Luke",2024,90.1,13.5,11.0,41.8,0.316,0.22,0.418
676914,"Schneider, Davis",2024,88.6,21.4,12.0,38.0,0.292,0.198,0.358
668901,"Vientos, Mark",2024,91.2,11.4,14.1,46.6,0.331,0.246,0.463
676391,"Clement, Ernie",2024,85.5,16.3,3.8,24.9,0.282,0.252,0.373
666176,"Adell, Jo",2024,89.8,15.9,11.7,44.7,0.312,0.224,0.418
669004,"Melendez, MJ",2024,91.1,14.6,8.4,45.2,0.317,0.239,0.425
671732,"Butler, Lawrence",2024,91.1,11.3,11.0,47.4,0.339,0.258,0.468
641487,"Crawford, J.P.",2024,87.5,13.2,6.5,37.8,0.309,0.227,0.363
672284,"Kelenic, Jarred",2024,89.8,16.0,9.9,45.2,0.308,0.241,0.412
592626,"Pederson, Joc",2024,92.3,16.9,12.8,46.2,0.376,0.261,0.477
642350,"Siri, Jose",2024,87.5,15.4,14.7,41.6,0.297,0.2,0.409
672275,"Bailey, Patrick",2024,91.3,12.1,5.5,43.0,0.319,0.258,0.398
677800,"Abreu, Wilyer",2024,91.6,19.2,11.1,50.5,0.317,0.229,0.418
676059,"Westburg, Jordan",2024,91.1,13.1,11.8,46.1,0.353,0.281,0.491
669707,"Triolo, Jared",2024,88.4,13.4,5.3,39.1,0.289,0.224,0.332
670032,"Lopez, Nicky",2024,85.0,5.6,1.5,16.9,0.268,0.227,0.288
681624,"Pages, Andy",2024,88.6,20.8,10.7,40.1,0.321,0.251,0.422
677587,"Rocchio, Brayan",2024,84.6,9.4,4.0,22.3,0.275,0.21,0.302
664238,"Moore, Dylan",2024,88.4,22.6,8.8,36.3,0.297,0.201,0.324
665487,"Tatis Jr., Fernando",2024,93.5,10.0,14.5,55.8,0.387,0.298,0.538
664056,"Bader, Harrison",2024,87.2,11.9,6.4,35.5,0.294,0.242,0.377
645277,"Albies, Ozzie",2024,88.4,18.4,6.2,32.0,0.302,0.246,0.387
663368,"Perkins, Blake",2024,88.8,12.0,3.9,37.7,0.275,0.218,0.311
672640,"Lopez, Otto",2024,88.0,5.4,5.1,38.9,0.313,0.274,0.394
641598,"Garver, Mitch",2024,89.9,18.3,8.4,39.7,0.285,0.18,0.335
669304,"Miranda, Jose",2024,88.9,15.5,5.9,38.9,0.306,0.259,0.399
643289,"Dubón, Mauricio",2024,86.1,14.6,2.8,26.5,0.272,0.248,0.33
664728,"Isbel, Kyle",2024,88.1,9.0,3.9,36.3,0.281,0.234,0.333
664040,"Lowe, Brandon",2024,89.8,14.5,12.4,44.7,0.343,0.252,0.482
673357,"Robert Jr., Luis",2024,90.1,13.5,9.9,40.7,0.279,0.212,0.367
672761,"Pérez, Wenceel",2024,88.4,18.0,4.3,30.6,0.291,0.241,0.354
592669,"Renfroe, Hunter",2024,88.5,16.7,6.6,39.4,0.291,0.223,0.362
571745,"Haniger, Mitch",2024,90.6,13.7,9.0,45.9,0.292,0.216,0.364
642133,"Tellez, Rowdy",2024,89.4,17.0,8.0,36.5,0.302,0.237,0.394
807799,"Yoshida, Masataka",2024,88.0,10.5,5.5,37.5,0.322,0.258,0.394
666160,"Moniak, Mickey",2024,88.1,19.8,9.3,34.4,0.283,0.221,0.379
656582,"Joe, Connor",2024,85.3,16.3,4.7,32.7,0.277,0.206,0.308
669224,"Wells, Austin",2024,88.4,17.1,9.1,38.9,0.339,0.242,0.429
592663,"Realmuto, J.T.",2024,89.2,9.4,10.4,46.6,0.339,0.268,0.459
691718,"Crow-Armstrong, Pete",2024,88.9,17.2,7.4,36.8,0.281,0.223,0.367
572138,"Singleton, Jon",2024,88.7,12.8,8.9,37.2,0.31,0.228,0.382
663457,"Nootbaar, Lars",2024,91.8,6.0,9.9,49.5,0.355,0.264,0.455
669357,"Gorman, Nolan",2024,88.5,20.3,16.7,38.6,0.307,0.209,0.433
664774,"Wade Jr., LaMonte",2024,90.6,12.9,9.4,44.1,0.354,0.259,0.428
664913,"Brown, Seth",2024,90.0,14.6,8.4,40.6,0.294,0.232,0.387
663616,"Larnach, Trevor",2024,92.0,12.4,10.1,45.1,0.345,0.259,0.458
596146,"Kepler, Max",2024,88.9,16.8,6.2,36.8,0.301,0.247,0.381
663647,"Hayes, Ke'Bryan",2024,88.9,4.8,2.4,42.9,0.279,0.244,0.327
686676,"Lee, Korey",2024,88.3,9.6,7.5,37.6,0.256,0.212,0.338
571771,"Hernández, Enrique",2024,89.6,17.1,4.8,41.5,0.285,0.233,0.362
681807,"Fry, David",2024,88.3,19.6,7.5,37.6,0.326,0.246,0.394
669289,"Espinal, Santiago",2024,85.9,15.0,1.9,24.1,0.288,0.258,0.344
666310,"Naylor, Bo",2024,88.8,19.9,8.1,37.7,0.26,0.196,0.326
666181,"Benson, Will",2024,89.4,18.2,11.5,40.1,0.268,0.18,0.333
672695,"Perdomo, Geraldo",2024,87.0,16.9,3.1,25.8,0.281,0.231,0.314
621439,"Buxton, Byron",2024,91.7,19.8,13.2,48.1,0.353,0.264,0.502
693304,"Gonzales, Nick",2024,87.9,13.0,7.9,36.9,0.317,0.27,0.407
666139,"Lowe, Josh",2024,90.8,16.9,10.3,46.1,0.295,0.228,0.388
672386,"Kirk, Alejandro",2024,89.4,10.8,6.7,40.9,0.324,0.257,0.392
671289,"Freeman, Tyler",2024,87.7,13.0,3.2,34.6,0.302,0.236,0.338
641584,"Fraley, Jake",2024,84.3,11.1,3.2,24.7,0.285,0.245,0.323
679529,"Torkelson, Spencer",2024,89.0,20.2,6.7,39.7,0.283,0.209,0.351
687462,"Horwitz, Spencer",2024,88.2,13.7,8.0,36.6,0.338,0.254,0.419
642731,"Estrada, Thairo",2024,86.2,10.5,4.8,31.7,0.263,0.226,0.338
519203,"Rizzo, Anthony",2024,86.7,14.3,4.0,33.2,0.297,0.24,0.34
516782,"Marte, Starling",2024,89.8,4.3,6.9,42.9,0.337,0.287,0.425
672820,"Sosa, Lenyn",2024,89.0,12.3,6.1,41.2,0.316,0.278,0.419
666023,"Fermin, Freddy",2024,88.2,11.1,3.2,33.9,0.279,0.244,0.334
621043,"Correa, Carlos",2024,90.3,8.9,9.2,44.7,0.355,0.274,0.451
647351,"Toro, Abraham",2024,87.2,12.2,4.3,29.6,0.291,0.245,0.365
679032,"Rojas, Johan",2024,85.7,4.8,2.5,27.4,0.25,0.225,0.292
665804,"Amaya, Miguel",2024,88.4,11.1,4.7,33.9,0.3,0.251,0.371
676356,"DeLuca, Jonny",2024,84.6,16.2,3.9,28.0,0.272,0.23,0.318
592273,"Drury, Brandon",2024,87.6,6.0,3.6,35.6,0.259,0.202,0.287
575929,"Contreras, Willson",2024,91.6,14.2,11.2,46.8,0.365,0.258,0.455
686681,"Massey, Michael",2024,89.2,16.8,7.1,36.9,0.309,0.258,0.414
686823,"Brennan, Will",2024,86.0,13.3,4.6,32.5,0.302,0.269,0.374
553869,"Díaz, Elias",2024,87.1,7.6,4.7,34.5,0.28,0.242,0.343
672515,"Moreno, Gabriel",2024,90.0,8.8,6.6,41.0,0.325,0.255,0.384
643565,"Tauchman, Mike",2024,89.0,15.5,7.4,41.0,0.33,0.242,0.38
650391,"Jiménez, Eloy",2024,92.0,4.3,7.8,49.0,0.3,0.248,0.382
595909,"Cave, Jake",2024,87.5,7.5,5.2,37.1,0.277,0.233,0.357
641343,"Bauers, Jake",2024,89.4,22.6,10.3,42.9,0.302,0.201,0.379
642708,"Rosario, Amed",2024,86.9,4.6,4.6,36.2,0.28,0.25,0.359
621438,"Taylor, Tyrone",2024,87.3,16.8,7.1,35.3,0.301,0.249,0.389
622534,"Margot, Manuel",2024,88.2,13.8,4.9,33.6,0.308,0.261,0.379
682626,"Alvarez, Francisco",2024,88.8,6.9,6.7,42.0,0.289,0.22,0.358
666149,"Fitzgerald, Tyler",2024,87.7,20.2,8.2,31.9,0.292,0.227,0.378
670770,"Friedl, TJ",2024,86.0,16.7,3.2,31.5,0.292,0.228,0.318
518595,"d'Arnaud, Travis",2024,89.9,11.6,10.4,41.0,0.322,0.236,0.434
663656,"Tucker, Kyle",2024,91.1,21.2,12.9,44.9,0.4,0.279,0.536
664023,"Happ, Ian",2025,89.5,18.3,8.9,41.5,0.376,0.299,0.475
663656,"Tucker, Kyle",2025,91.1,19.5,14.8,45.9,0.426,0.308,0.607
680776,"Duran, Jarren",2025,92.2,12.9,8.0,46.4,0.327,0.276,0.42
646240,"Devers, Rafael",2025,95.3,17.5,20.2,60.6,0.395,0.268,0.524
682998,"Carroll, Corbin",2025,93.9,16.5,17.0,56.6,0.409,0.294,0.615
663457,"Nootbaar, Lars",2025,90.9,17.3,10.9,47.3,0.366,0.27,0.441
596019,"Lindor, Francisco",2025,89.3,12.2,8.3,43.0,0.371,0.29,0.485
665742,"Soto, Juan",2025,94.0,7.8,10.9,54.5,0.422,0.302,0.576
624413,"Alonso, Pete",2025,95.3,13.2,20.8,59.4,0.483,0.333,0.712
667670,"Rooker, Brent",2025,90.8,14.9,14.4,45.2,0.384,0.28,0.559
608324,"Bregman, Alex",2025,92.5,18.2,11.7,49.5,0.381,0.277,0.526
668804,"Reynolds, Bryan",2025,91.6,5.8,13.7,48.0,0.367,0.274,0.535
669364,"Edwards, Xavier",2025,85.0,10.5,0.0,23.5,0.278,0.244,0.291
642715,"Adames, Willy",2025,88.8,19.8,10.6,46.2,0.318,0.224,0.42
677951,"Witt Jr., Bobby",2025,91.0,11.6,9.6,44.7,0.38,0.308,0.481
592450,"Judge, Aaron",2025,95.6,15.8,23.5,56.9,0.497,0.351,0.762
694192,"Chourio, Jackson",2025,87.8,11.0,8.3,43.0,0.289,0.247,0.418
682829,"De La Cruz, Elly",2025,90.3,4.2,12.4,45.4,0.331,0.243,0.434
677594,"Rodríguez, Julio",2025,91.5,8.6,8.7,45.6,0.355,0.252,0.475
672695,"Perdomo, Geraldo",2025,88.9,15.7,5.4,31.3,0.348,0.256,0.408
666182,"Bichette, Bo",2025,90.6,11.0,8.0,46.4,0.364,0.319,0.492
695578,"Wood, James",2025,92.2,1.3,16.3,52.2,0.385,0.25,0.539
547180,"Harper, Bryce",2025,91.4,14.6,11.3,49.5,0.375,0.263,0.481
663728,"Raleigh, Cal",2025,91.8,21.1,22.5,48.3,0.396,0.248,0.578
660271,"Ohtani, Shohei",2025,96.7,14.1,22.2,66.7,0.463,0.318,0.697
621020,"Swanson, Dansby",2025,90.5,16.1,11.0,49.0,0.331,0.257,0.47
650490,"Díaz, Yandy",2025,92.9,3.6,7.5,51.7,0.345,0.285,0.446
670770,"Friedl, TJ",2025,87.8,12.5,0.9,32.5,0.285,0.255,0.323
656305,"Chapman, Matt",2025,93.6,23.8,10.7,51.2,0.359,0.235,0.443
671732,"Butler, Lawrence",2025,92.4,12.6,10.9,43.6,0.301,0.217,0.407
691016,"Soderstrom, Tyler",2025,92.5,11.6,15.4,49.0,0.39,0.3,0.553
656941,"Schwarber, Kyle",2025,94.0,18.1,14.9,59.8,0.428,0.265,0.605
575929,"Contreras, Willson",2025,88.9,5.7,11.2,41.8,0.356,0.27,0.485
691718,"Crow-Armstrong, Pete",2025,89.4,21.1,13.4,40.2,0.354,0.272,0.526
663586,"Riley, Austin",2025,92.7,18.0,19.8,53.1,0.363,0.274,0.537
671218,"Ramos, Heliot",2025,90.2,10.6,12.4,43.3,0.33,0.246,0.455
679529,"Torkelson, Spencer",2025,91.6,20.4,17.0,48.9,0.407,0.256,0.598
621566,"Olson, Matt",2025,95.0,10.8,17.0,57.4,0.414,0.267,0.565
665489,"Guerrero Jr., Vladimir",2025,93.1,8.5,15.7,52.9,0.395,0.308,0.524
647304,"Naylor, Josh",2025,90.5,7.5,7.2,45.9,0.362,0.29,0.463
680757,"Kwan, Steven",2025,86.1,11.4,2.5,19.7,0.346,0.312,0.423
645277,"Albies, Ozzie",2025,86.0,22.5,5.2,25.0,0.285,0.227,0.365
686469,"Pasquantino, Vinnie",2025,90.2,20.4,9.2,41.3,0.295,0.221,0.419
502671,"Goldschmidt, Paul",2025,88.8,12.2,8.3,38.9,0.36,0.298,0.493
623993,"Santander, Anthony",2025,90.1,15.5,5.2,40.2,0.295,0.216,0.355
680977,"Donovan, Brendan",2025,89.4,10.6,7.6,43.2,0.42,0.356,0.551
668930,"Turang, Brice",2025,92.6,6.0,8.9,48.5,0.353,0.287,0.435
514888,"Altuve, Jose",2025,85.1,14.2,5.6,35.5,0.264,0.214,0.344
808982,"Lee, Jung Hoo",2025,89.5,10.6,4.4,32.5,0.351,0.306,0.438
592885,"Yelich, Christian",2025,90.9,0.1,5.7,49.4,0.335,0.246,0.413
668709,"Bleday, JJ",2025,89.5,19.6,3.2,42.1,0.297,0.215,0.334
663993,"Lowe, Nathaniel",2025,90.2,12.4,9.1,45.5,0.327,0.245,0.42
661388,"Contreras, William",2025,89.4,2.8,3.1,41.2,0.312,0.236,0.344
673548,"Suzuki, Seiya",2025,91.9,20.2,16.9,47.2,0.356,0.253,0.513
682985,"Greene, Riley",2025,89.9,9.7,13.8,50.0,0.323,0.245,0.468
596115,"Story, Trevor",2025,90.2,12.1,9.6,52.1,0.306,0.252,0.411
663697,"India, Jonathan",2025,90.0,18.9,5.9,37.6,0.34,0.264,0.389
607208,"Turner, Trea",2025,88.8,9.0,3.0,38.6,0.306,0.253,0.352
607043,"Nimmo, Brandon",2025,93.2,9.7,12.3,59.4,0.353,0.27,0.502
665833,"Cruz, Oneil",2025,96.1,10.4,23.1,61.5,0.423,0.274,0.563
670623,"Paredes, Isaac",2025,86.1,18.0,4.0,33.7,0.33,0.261,0.377
553993,"Suárez, Eugenio",2025,93.3,23.8,17.0,58.0,0.362,0.228,0.532
665487,"Tatis Jr., Fernando",2025,94.3,4.3,16.7,53.9,0.429,0.312,0.623
668227,"Arozarena, Randy",2025,90.9,12.8,10.4,46.8,0.371,0.241,0.461
683011,"Volpe, Anthony",2025,91.8,13.0,11.2,49.4,0.348,0.253,0.454
665161,"Peña, Jeremy",2025,88.8,8.8,8.3,46.8,0.357,0.3,0.448
605141,"Betts, Mookie",2025,88.3,15.1,2.7,33.0,0.324,0.264,0.379
571448,"Arenado, Nolan",2025,86.2,15.5,4.4,30.7,0.306,0.25,0.357
805779,"Wilson, Jacob",2025,86.8,7.3,2.3,26.9,0.332,0.329,0.407
663616,"Larnach, Trevor",2025,89.5,8.4,4.2,39.6,0.31,0.249,0.359
664034,"France, Ty",2025,89.4,8.2,12.1,43.0,0.381,0.288,0.521
673357,"Robert Jr., Luis",2025,88.9,20.0,13.5,41.9,0.331,0.233,0.413
671739,"Harris II, Michael",2025,88.7,6.1,7.2,34.2,0.301,0.267,0.397
592518,"Machado, Manny",2025,93.0,12.2,12.6,56.3,0.406,0.329,0.566
668901,"Vientos, Mark",2025,90.0,10.6,6.3,40.0,0.304,0.232,0.373
543760,"Semien, Marcus",2025,87.9,17.3,8.4,32.6,0.317,0.241,0.383
678246,"Vargas, Miguel",2025,90.2,19.6,5.4,40.2,0.295,0.219,0.34
592206,"Castellanos, Nick",2025,90.2,17.0,8.8,43.1,0.352,0.282,0.483
663538,"Hoerner, Nico",2025,87.4,11.0,0.0,30.2,0.288,0.273,0.336
683734,"Vaughn, Andrew",2025,92.0,14.6,15.3,51.0,0.322,0.248,0.46
542303,"Ozuna, Marcell",2025,92.6,15.8,10.4,49.4,0.416,0.288,0.505
665926,"Giménez, Andrés",2025,88.0,6.9,4.2,32.3,0.32,0.25,0.374
572233,"Walker, Christian",2025,90.1,11.4,11.9,45.2,0.295,0.222,0.378
621439,"Buxton, Byron",2025,90.7,14.8,14.1,55.3,0.323,0.244,0.47
593428,"Bogaerts, Xander",2025,89.6,13.2,3.3,38.9,0.304,0.246,0.348
672580,"Garcia, Maikel",2025,93.2,9.9,5.9,52.9,0.381,0.321,0.493
663647,"Hayes, Ke'Bryan",2025,90.9,10.4,4.0,46.5,0.293,0.256,0.346
606192,"Hernández, Teoscar",2025,86.9,11.6,10.4,39.6,0.37,0.316,0.535
641857,"McMahon, Ryan",2025,93.5,16.8,8.3,47.2,0.29,0.184,0.332
521692,"Perez, Salvador",2025,90.7,19.1,15.2,46.5,0.407,0.326,0.593
664761,"Bohm, Alec",2025,91.0,6.5,8.7,48.1,0.327,0.277,0.419
686217,"Frelick, Sal",2025,85.9,4.5,1.0,29.1,0.319,0.273,0.341
666971,"Gurriel Jr., Lourdes",2025,87.3,19.3,8.9,37.5,0.313,0.257,0.449
641487,"Crawford, J.P.",2025,86.7,12.6,6.9,34.5,0.372,0.276,0.432
621043,"Correa, Carlos",2025,89.6,8.8,4.0,40.6,0.283,0.253,0.348
467793,"Santana, Carlos",2025,87.0,15.0,6.4,37.2,0.286,0.208,0.33
621493,"Ward, Taylor",2025,91.2,21.5,13.3,47.8,0.297,0.225,0.438
527038,"Flores, Wilmer",2025,85.2,15.5,6.3,25.0,0.279,0.225,0.368
656775,"Mullins, Cedric",2025,88.7,25.7,8.3,38.1,0.352,0.247,0.418
608070,"Ramírez, José",2025,87.3,20.0,7.5,32.1,0.326,0.286,0.415
683737,"Busch, Michael",2025,89.5,15.8,12.0,38.6,0.353,0.242,0.472
687401,"Ortiz, Joey",2025,83.2,17.5,3.0,31.7,0.273,0.233,0.318
691406,"Caminero, Junior",2025,91.8,4.7,10.3,50.5,0.325,0.266,0.462
677800,"Abreu, Wilyer",2025,91.3,24.6,14.8,49.4,0.397,0.276,0.56
624585,"Soler, Jorge",2025,90.5,18.3,13.6,43.2,0.311,0.223,0.423
641355,"Bellinger, Cody",2025,90.1,21.5,9.9,45.1,0.307,0.217,0.399
666969,"García, Adolis",2025,93.2,24.3,15.7,49.4,0.334,0.243,0.468
666158,"Lux, Gavin",2025,89.7,10.6,6.2,42.0,0.332,0.258,0.38
681082,"Stott, Bryson",2025,84.9,15.3,4.4,27.8,0.299,0.246,0.351
669065,"Stowers, Kyle",2025,90.0,10.3,18.8,50.0,0.394,0.301,0.537
656716,"McKinstry, Zach",2025,87.7,11.5,7.7,35.9,0.313,0.249,0.353
669127,"Langeliers, Shea",2025,90.1,11.2,11.2,45.9,0.356,0.273,0.489
668939,"Rutschman, Adley",2025,89.4,15.7,8.9,37.8,0.375,0.283,0.481
664040,"Lowe, Brandon",2025,91.5,11.3,10.8,45.8,0.338,0.266,0.474
669911,"Toglia, Michael",2025,89.1,15.9,8.6,40.0,0.265,0.205,0.349
692225,"Campbell, Kristian",2025,89.9,12.5,9.2,44.7,0.373,0.278,0.472
571970,"Muncy, Max",2025,90.1,16.7,10.4,49.3,0.327,0.21,0.411
672820,"Sosa, Lenyn",2025,90.4,17.5,6.5,37.0,0.315,0.278,0.43
696100,"Goodman, Hunter",2025,89.2,17.1,8.2,47.1,0.305,0.224,0.386
700932,"Manzardo, Kyle",2025,89.3,20.7,14.7,44.0,0.33,0.2,0.461
665862,"Chisholm Jr., Jazz",2025,87.9,18.2,14.9,38.8,0.338,0.213,0.44
686611,"Crews, Dylan",2025,90.4,6.1,14.8,40.7,0.334,0.259,0.468
686681,"Massey, Michael",2025,88.1,22.9,4.0,34.7,0.254,0.236,0.336
694384,"Schanuel, Nolan",2025,86.8,8.5,3.2,24.7,0.291,0.239,0.341
671277,"García Jr., Luis",2025,88.8,6.0,7.1,41.8,0.342,0.276,0.452
573262,"Yastrzemski, Mike",2025,90.4,17.6,9.8,42.7,0.357,0.269,0.441
681624,"Pages, Andy",2025,88.2,17.0,8.5,31.7,0.304,0.229,0.388
687363,"Scott II, Victor",2025,87.4,14.7,6.3,32.5,0.284,0.231,0.331
660688,"Ruiz, Keibert",2025,85.6,9.0,1.0,31.0,0.322,0.299,0.375
700250,"Rice, Ben",2025,93.3,12.3,20.0,56.0,0.397,0.271,0.557
624424,"Conforto, Michael",2025,88.8,9.1,6.2,40.0,0.301,0.205,0.317
656555,"Hoskins, Rhys",2025,90.5,19.1,11.8,47.4,0.356,0.257,0.429
650333,"Arraez, Luis",2025,86.4,12.4,0.0,19.5,0.284,0.271,0.342
669242,"Edman, Tommy",2025,90.2,15.0,10.4,47.9,0.399,0.312,0.574
668715,"Steer, Spencer",2025,87.5,15.2,8.3,28.6,0.297,0.231,0.362
545361,"Trout, Mike",2025,90.5,20.4,16.7,45.8,0.373,0.248,0.577
670541,"Alvarez, Yordan",2025,94.0,20.1,11.9,46.4,0.364,0.246,0.495
596146,"Kepler, Max",2025,90.4,13.9,11.6,51.2,0.377,0.297,0.509
676572,"Wagaman, Eric",2025,91.5,7.9,8.5,48.9,0.352,0.288,0.489
605137,"Bell, Josh",2025,86.7,9.4,8.6,35.8,0.296,0.212,0.366
700242,"Sweeney, Trey",2025,89.0,4.3,7.4,42.0,0.304,0.227,0.372
650859,"Rengifo, Luis",2025,85.7,1.6,3.2,27.7,0.272,0.251,0.337
672640,"Lopez, Otto",2025,85.7,4.6,8.7,26.1,0.356,0.294,0.475
592663,"Realmuto, J.T.",2025,90.5,13.3,10.1,43.0,0.325,0.266,0.424
681481,"Carpenter, Kerry",2025,90.9,22.1,16.0,44.7,0.397,0.291,0.623
669224,"Wells, Austin",2025,90.5,22.1,13.3,49.4,0.31,0.223,0.444
680574,"McLain, Matt",2025,90.0,17.7,12.7,46.0,0.316,0.201,0.395
678882,"Rafaela, Ceddanne",2025,90.5,10.1,12.9,44.7,0.335,0.26,0.457
666018,"Aranda, Jonathan",2025,95.1,12.6,14.9,62.2,0.425,0.301,0.595
691023,"Walker, Jordan",2025,91.0,13.1,5.6,43.7,0.264,0.204,0.329
543807,"Springer, George",2025,92.8,20.6,16.2,51.5,0.384,0.271,0.515
672356,"Arias, Gabriel",2025,87.4,4.1,11.1,38.9,0.311,0.232,0.431
457705,"McCutchen, Andrew",2025,89.3,9.7,13.9,44.3,0.372,0.275,0.493
502054,"Pham, Tommy",2025,88.7,3.5,2.9,38.6,0.252,0.204,0.281
624428,"Frazier, Adam",2025,85.0,15.5,0.0,18.8,0.272,0.237,0.299
671213,"Casas, Triston",2025,87.6,15.1,9.7,44.4,0.307,0.216,0.409
673237,"Diaz, Yainer",2025,89.0,12.9,10.5,34.9,0.32,0.256,0.467
663624,"Mountcastle, Ryan",2025,91.0,11.0,15.6,48.1,0.311,0.247,0.435
691176,"Domínguez, Jasson",2025,88.8,14.4,6.3,50.8,0.3,0.224,0.355
683002,"Henderson, Gunnar",2025,95.4,8.4,8.0,56.0,0.312,0.274,0.411
643396,"Kiner-Falefa, Isiah",2025,86.9,8.2,0.0,32.1,0.283,0.259,0.316
676475,"Burleson, Alec",2025,90.0,15.3,3.5,37.2,0.274,0.228,0.353
669394,"Burger, Jake",2025,90.5,12.7,12.9,48.6,0.29,0.219,0.402
669257,"Smith, Will",2025,90.8,23.9,14.9,46.3,0.372,0.265,0.502
664774,"Wade Jr., LaMonte",2025,90.0,24.4,2.9,29.4,0.282,0.21,0.316
686668,"Doyle, Brenton",2025,90.8,13.0,14.9,43.2,0.338,0.264,0.468
663698,"Bart, Joey",2025,88.4,10.7,10.2,37.3,0.344,0.226,0.392
694671,"Langford, Wyatt",2025,90.6,19.6,11.0,43.8,0.366,0.256,0.501
672386,"Kirk, Alejandro",2025,91.0,15.4,6.9,50.6,0.315,0.278,0.428
664056,"Bader, Harrison",2025,86.9,12.7,10.6,43.9,0.286,0.21,0.33
681351,"O'Hoppe, Logan",2025,90.6,22.6,20.6,49.2,0.355,0.252,0.544
666397,"Julien, Edouard",2025,88.7,5.6,11.1,41.3,0.337,0.25,0.442
681460,"Baldwin, Brooks",2025,89.3,12.7,5.6,36.6,0.295,0.245,0.403
656976,"Smith, Pavin",2025,90.6,8.2,17.6,43.1,0.372,0.232,0.456
690993,"Keith, Colt",2025,85.3,7.2,8.2,34.4,0.361,0.243,0.428
676694,"Meyers, Jake",2025,90.5,6.9,5.4,41.9,0.331,0.275,0.422
666624,"Morel, Christopher",2025,90.5,18.1,21.2,42.3,0.341,0.239,0.477
669701,"Smith, Josh",2025,88.8,9.0,7.0,38.0,0.336,0.273,0.418
680777,"Jeffers, Ryan",2025,90.9,16.9,8.2,49.3,0.362,0.265,0.483
670224,"Misner, Kameron",2025,88.3,13.4,5.8,34.8,0.286,0.232,0.376
571657,"Farmer, Kyle",2025,86.5,13.7,2.7,29.7,0.249,0.218,0.295
672275,"Bailey, Patrick",2025,86.8,19.9,5.0,33.3,0.229,0.176,0.297
621438,"Taylor, Tyrone",2025,86.7,20.2,4.1,39.7,0.326,0.29,0.409
595879,"Báez, Javier",2025,86.8,6.8,5.6,31.0,0.294,0.243,0.383
673962,"Jung, Josh",2025,87.2,11.4,12.0,38.7,0.322,0.262,0.45
657757,"Sheets, Gavin",2025,92.3,19.4,7.9,54.0,0.331,0.26,0.437
518692,"Freeman, Freddie",2025,93.2,17.6,13.9,44.4,0.447,0.33,0.667
641680,"Heim, Jonah",2025,91.5,14.6,7.0,39.4,0.337,0.283,0.442
676059,"Westburg, Jordan",2025,88.6,13.9,12.9,40.0,0.33,0.258,0.462
702616,"Holliday, Jackson",2025,90.0,10.4,7.6,42.4,0.346,0.27,0.459
665839,"Valdez, Enmanuel",2025,90.1,15.6,8.5,45.1,0.355,0.278,0.456
677950,"Thomas, Alek",2025,92.8,0.1,8.6,42.9,0.329,0.277,0.417
609280,"Andujar, Miguel",2025,87.8,10.4,5.0,40.0,0.324,0.282,0.398
682928,"Abrams, CJ",2025,91.4,13.7,11.6,43.5,0.372,0.293,0.529
672515,"Moreno, Gabriel",2025,92.5,10.7,1.5,48.5,0.33,0.276,0.383
650402,"Torres, Gleyber",2025,90.1,18.6,11.5,38.5,0.415,0.311,0.6
665828,"Cabrera, Oswaldo",2025,88.9,7.9,0.0,34.8,0.272,0.237,0.289
696285,"Young, Jacob",2025,86.5,-5.0,0.0,28.2,0.302,0.259,0.293
666176,"Adell, Jo",2025,89.1,13.2,10.8,43.1,0.298,0.242,0.404
677347,"Paris, Kyren",2025,87.9,13.0,19.1,53.2,0.317,0.214,0.428
666160,"Moniak, Mickey",2025,88.4,15.0,8.8,42.6,0.332,0.256,0.456
656811,"O'Hearn, Ryan",2025,90.9,10.2,14.1,53.5,0.401,0.308,0.556
643217,"Benintendi, Andrew",2025,88.3,23.6,11.8,36.8,0.323,0.219,0.454
663757,"Grisham, Trent",2025,92.0,20.2,15.2,50.0,0.408,0.284,0.596
570482,"Urshela, Gio",2025,87.1,10.6,1.3,30.7,0.301,0.27,0.376
592626,"Pederson, Joc",2025,90.5,13.1,6.3,39.1,0.244,0.181,0.274
693307,"Dingler, Dillon",2025,90.3,17.0,10.8,47.7,0.325,0.276,0.481
682668,"Acuña, Luisangel",2025,89.4,5.1,0.0,37.3,0.303,0.271,0.323
691026,"Winn, Masyn",2025,89.0,17.8,10.2,37.3,0.317,0.246,0.383
608369,"Seager, Corey",2025,93.0,11.4,15.7,48.6,0.415,0.323,0.613
670223,"Mervis, Matt",2025,90.4,20.9,12.5,43.8,0.254,0.159,0.336
677587,"Rocchio, Brayan",2025,85.9,8.3,3.1,29.2,0.29,0.241,0.324
701358,"Smith, Cam",2025,86.7,5.5,7.4,38.9,0.318,0.246,0.378
578428,"Iglesias, Jose",2025,82.4,-5.6,0.0,25.4,0.264,0.237,0.281
593871,"Polanco, Jorge",2025,92.0,13.2,18.7,53.3,0.468,0.37,0.689
686780,"Pagés, Pedro",2025,88.1,15.1,4.3,32.9,0.257,0.231,0.329
664728,"Isbel, Kyle",2025,84.2,15.8,2.8,25.4,0.217,0.2,0.288
669397,"Allen, Nick",2025,85.5,11.3,0.0,29.5,0.26,0.24,0.284
600869,"Candelario, Jeimer",2025,87.3,11.4,7.5,28.3,0.218,0.131,0.25
641584,"Fraley, Jake",2025,85.3,18.2,4.9,34.4,0.319,0.234,0.363
665966,"Narváez, Carlos",2025,90.0,15.5,12.7,38.1,0.296,0.22,0.412
666134,"Jones, Nolan",2025,95.0,14.5,10.6,57.4,0.316,0.207,0.402
666149,"Fitzgerald, Tyler",2025,83.9,16.9,4.8,25.4,0.259,0.212,0.301
670764,"Walls, Taylor",2025,86.7,12.4,3.3,30.0,0.264,0.207,0.294
666310,"Naylor, Bo",2025,90.8,23.1,11.7,35.0,0.327,0.21,0.455
669289,"Espinal, Santiago",2025,86.1,10.8,1.4,28.4,0.295,0.263,0.338
677008,"Kjerstad, Heston",2025,90.6,17.0,11.9,49.2,0.335,0.253,0.493
676391,"Clement, Ernie",2025,86.4,23.7,2.8,18.1,0.263,0.237,0.311
670042,"Raley, Luke",2025,91.6,8.8,14.3,49.0,0.373,0.26,0.432
702176,"Roden, Alan",2025,84.6,3.7,1.8,31.6,0.224,0.161,0.233
643376,"Jansen, Danny",2025,88.2,24.3,4.2,39.6,0.308,0.19,0.332
669221,"Murphy, Sean",2025,89.2,6.8,15.2,41.3,0.338,0.218,0.467
592669,"Renfroe, Hunter",2025,88.6,16.9,3.3,35.0,0.235,0.181,0.265
624431,"Trevino, Jose",2025,88.3,6.6,7.4,44.1,0.318,0.268,0.424
665750,"Taveras, Leody",2025,86.7,22.6,3.5,26.3,0.21,0.198,0.261
687597,"Beck, Jordan",2025,91.8,14.6,21.7,47.8,0.365,0.241,0.531
602104,"Urías, Ramón",2025,87.4,10.4,8.6,37.9,0.292,0.219,0.333
608348,"Kelly, Carson",2025,91.9,18.3,16.4,54.5,0.466,0.32,0.644
649966,"Urías, Luis",2025,88.7,14.6,8.6,34.5,0.359,0.264,0.457
669743,"Call, Alex",2025,87.6,13.3,1.7,27.6,0.365,0.286,0.381
671221,"Waters, Drew",2025,85.8,8.5,3.8,26.4,0.295,0.264,0.357
669003,"Mitchell, Garrett",2025,90.4,10.8,6.7,42.2,0.293,0.236,0.345
608385,"Winker, Jesse",2025,89.3,20.4,8.2,44.9,0.3,0.222,0.382
664238,"Moore, Dylan",2025,86.9,17.6,14.8,44.4,0.378,0.276,0.517
642133,"Tellez, Rowdy",2025,91.6,14.0,15.4,46.2,0.336,0.248,0.458
676609,"Caballero, José",2025,82.5,17.9,2.3,16.3,0.27,0.221,0.274
669357,"Gorman, Nolan",2025,87.3,24.1,11.1,42.2,0.322,0.208,0.394
669234,"Malloy, Justyn-Henry",2025,87.5,21.7,7.5,35.0,0.333,0.206,0.37
694374,"Tawa, Tim",2025,90.7,8.5,12.2,42.9,0.373,0.262,0.496
571771,"Hernández, Enrique",2025,91.3,15.5,14.6,37.5,0.316,0.222,0.454
605361,"Martini, Nick",2025,85.3,11.5,1.8,28.6,0.258,0.218,0.266
641933,"O'Neill, Tyler",2025,88.5,23.5,17.4,41.3,0.337,0.225,0.506
663898,"Rodgers, Brendan",2025,90.6,10.9,12.2,48.8,0.329,0.257,0.413
689414,"Hicks, Liam",2025,83.2,11.6,0.0,23.6,0.309,0.261,0.343
663968,"Mangum, Jake",2025,88.2,-3.8,3.3,41.0,0.328,0.283,0.414
667472,"Myers, Dane",2025,91.8,9.2,8.0,44.0,0.377,0.333,0.489
553869,"Díaz, Elias",2025,87.1,15.1,3.8,42.3,0.273,0.214,0.3
